Test Index,Review Text,Weak Label (Rating),Baseline Pred,Baseline Conf,Transformer Pred,Transformer Conf
8833,This product is extremely effective and I have actually noticed a significant difference with fine lines and hyperpigmentation.  I only wish it was 1/3rd of the price.,positive,negative,0.437,positive,0.968
3730,"I used a whole bottle of this because I was looking for an eye treatment. I don’t know if it really does anything for dark circle, but it plumps the skin. I don’t recommend wearing this under makeup because it sometimes pills and just looks weird under concealer. I use this mostly when I go make-up free and at night",neutral,positive,0.49,negative,0.774
3190,No notíciame difference after three months of use.,negative,positive,0.509,neutral,0.811
9787,"Love the ingredients, packaging, and scent! I haven’t been able to use it long enough to notice a long term effect, but it definitely does feel like it calms my face down. Great for after a peel or just in winter when things are dryer.",positive,neutral,0.582,positive,0.966
2798,It’s quality but it’s expensive. I feel Ike the results are more long term than immediate plumpness but I see improvement in my skin,positive,positive,0.436,neutral,0.404
4319,Feels nice but did not remove blackheads. Not going to repurchase,negative,neutral,0.649,negative,0.485
6246,"My cheek and around eyes are always dry. I have sensitive eyes and usually, the eye cream makes me cry, even it says “gentle“ or “for sensitive eyes“. I use 1 drop for under-eye. It’s not greasy or heavy but gives long-last moisture. I love this product.",positive,positive,0.737,negative,0.557
9563,I guess I need to have wrinkles to see this work and I don’t so it didn’t really do anything for me. I’m not sure if this is for brown skin girls as it left a ashy white film over my face.,neutral,neutral,0.674,negative,0.784
9275,"this product looks nice on my shelf and smells good, but it honestly dried out and irritated my skin, and I’ve never had a reaction to a product before.",neutral,neutral,0.521,negative,0.57
5641,I was really excited for this one - got a sample of it in the birthday gift. Very underwhelmed and It clogged up my skin a bit. I used for around a week and then stopped,negative,negative,0.599,positive,0.487
5200,"I have combination skin and occasionaly suffer from breakouts. I had one recently and within one day there was a major difference..in 2 days, it was gone.",positive,positive,0.558,negative,0.588
1762,"Makes skin very dewy, fresh looking. Wear in over makeup and alone. Seems got few small acnes after using it. Or maybe just a coincidence. Will buy again",positive,negative,0.416,positive,0.66
868,"I’ve been using this for a few months now and the most immediate/short term result was hydration. I have very dry skin and this did wonders. However, the hydration wasn’t lasting if I skipped a day of using this. As far as anti-aging, no overnight miracles but I think it did help maintain my skin through plenty of sun exposure. It’s not perfumed - doesn’t smell like anything really. I’ve used the overnight restorative cream as well and that smelled nice but was less hydrating. This cream also feels a little more greasy. A little goes along way so it has lasted me awhile and is worth the price for that reason. I like to try different products but I would purchase this again.",positive,neutral,0.719,positive,0.889
8670,Wish they would bring these back permanently again !!,positive,negative,0.532,positive,0.651
9795,"My skin is pretty resilient to most products but this made my skin itchy and red. I have used origins, Kiehls, biossance without issues",negative,negative,0.676,neutral,0.445
7805,I used this product for approximately 6 months after suffering from acne scars; it works VERY WELL. Ladies just be PATIENT. It’s worth the money! Blessing,positive,negative,0.601,positive,0.977
9893,"I have oily but dry skin = cystic acne. I’ve tried it all. Cool thing about oily skin is that most of my friends have fine lines and I don’t, however, cystic acne has scarred.I use this in combo with other face washes. I wouldn’t use this everyday, it reminds me of the salicylic acne washes from middle school/high school days.Stripping all oil from your skin is not the answer. I repeat, stripping all oil from your skin is not the answer and will cause more blemishes. Find a wash that washes dirt and oil without your face feeling like a dry chalk board. PCA oily wash - use this daily and mix checks and balances in once or twice a week. PS- Get retinol from a doctor. Stop wasting money on weak retinol online tisk tiskThank me later :*",neutral,positive,0.679,neutral,0.449
8032,"Super light weight. Provides an the extra hydration boost my dry skin needs. But, I don’t get the glow on my skin that’s advertised.",positive,positive,0.729,neutral,0.534
3450,"I think MILK did a great job with this product. My boyfriend LOVES it, because it is rich and hydrating without giving off girly odors. It is truly great for someone who has very dry skin and needs to lock it in for super cold weather. I personally don’t love this moisturizer, that is because I have very normal skin. This is just a bit heavy for me and is not the type of product I typically gravitate forward. I would highly recommend this product, because I have seen it done wonders for my boyfriend. My skin type just doesn’t need the extra weight that comes along with this product",neutral,neutral,0.513,positive,0.884
8690,"So first off, it does what it says it’ll do. It removes makeup well. Everything melted right off, granted I don’t wear a ton of makeup. I was worried it wouldn’t wash off well but it did. This basically does what a makeup wipe does but it’s way less abrasive. I thought the smell was pleasant. I followed up with a face wash!",positive,negative,0.443,positive,0.686
5773,"I got this as a sample first from BoxyCharm and thought it was kind of overpriced, but it ended up working really well after going through a few days of exfoliating products in my skin care routine. You might have to do a couple washes with it, but it does a good job of getting rid of everything so you don’t peel throughout the day. Did such a good job actually that I bought the full size once I saw what it could do!!I also tried using an exfoliating sponge before this, but since this is chemical, it did a better job of sloughing off everything so I didn’t peel later in the day.",positive,negative,0.617,positive,0.831
3971,"I’ll admit that my skin looked great and moisturized when I used this however, this gave me really bad breakouts which went away/stopped after discontinuing. Beware if you’re acne prone.",negative,neutral,0.474,negative,0.486
4789,i like the texture of this moisturizer however it stings my skin when I apply it (and I do not have overly sensitive skin) and causes lasting redness.  my skin does feel smooth and well hydrated though.,neutral,positive,0.401,negative,0.454
577,"A very whatever moisturizer, not worth the price imo. I have normal skin and this dried out very fast on my face, probably only best for a very oily skin type. I also feel a subtle sting even though my skin hasn’t been feeling sensitive lately :(",neutral,neutral,0.556,negative,0.905
8700,"I have bad roscea, so tried this.  It’s adds an extra layer of coverage.  But I could have accomplished the same thing w/extra concealer.",neutral,positive,0.692,negative,0.693
8746,"I do tend to have redness issues with my skin so I was looking forward to trying this because I LOVE their standard moisturizer but this didn’t do it for me moisturizer wise.  I have very dry skin.  I do appreciate the way it looks and tones down the redness in my skin but I can’t wear it by itself because I need more moisture.  I’m going to try the drops next and see if I can mix those in with their regular formula.  That might work better for me.  I do appreciate that this formula has SPF.  Overall, not a bad product; just not ideal for my dry skin needs.",neutral,neutral,0.63,negative,0.603
2188,"The first thing I noticed about this serum is the scent. It smells strongly of watermelon fragrance, just like the other products in the watermelon glow line. Looking at the ingredients list, I noticed that it does have added fragrance, which is pretty disappointing because it’s potentially irritating with no dermatological value. That’s my only qualm with the product, however. It sinks right in, feels nice, and one pump is all you need for the whole face. I’ve been using for a week, so I can’t speak to the brightening effects, but so far I am happy. This was gifted to me by glow recipe.",positive,positive,0.555,neutral,0.481
8477,"At first I really loved this cleanser, I felt like it was working and left my face feeling clean. However, after about a week, my skin turned incredibly scaly/flaky and I was breaking out like crazy. I have relatively acne prone skin and am oily in some places, dry in others. This product was supposed to work well for acne and anti aging but I did not care for it. Having pimples and wrinkles at the same time should not be an option!",negative,neutral,0.449,negative,0.665
9719,Thhydrating but a little greasy feeling even a while after application.,positive,neutral,0.727,negative,0.505
4448,"I usually tend to get sheet masks for the novelty of them; I never really saw a huge, lasting difference in my skin from the cheaper ones. But THIS! This is a whole different animal. A few months ago I was having the worst acne I’ve ever had in my life, and this mask was recommended to me. Immediately after I took off the mask, I noticed my acne was less red. The next morning, my acne was reduced to maybe a fourth of the size and severity, and my skin looked brighter and felt great. If you have acne and you need it gone now, get this. It’s worth the $12.",positive,positive,0.711,negative,0.447
9539,"It cleaned my face well and has a nice scent. It did leave my face feeling a little tacky, but not sticky.  This is my first time using this product and I received it complimentary from Influenster.  I don’t know that I will repurchase. It didn’t go above and beyond my expectations.",neutral,neutral,0.611,positive,0.835
5019,I got this for Christmas and i’ve used it maybe a month and my skin has already cleared up so much! it leaves a odd tight feeling on your face and it will burn if you have really had active acne but i say it’s worth it!,positive,negative,0.59,positive,0.941
4952,Very luxurious and does the job.,positive,neutral,0.479,positive,0.931
646,I have dry skin most of the time and this honestly makes my skin feel really soft and prepped for foundation. it is nice and smooth and the fragrance is not strong and smells good. I would reccomend this product for sure!,positive,neutral,0.471,positive,0.962
5761,"This moisturizer in my opinion was meh. I’ve tried a few of Innbeautys products and they were all just ok. This moisturizer claims that it’s good for dullness + uneven texture, after using for a few weeks saw none of that. Kind of a",neutral,neutral,0.794,negative,0.759
3036,"This will fade scars with regular use, from wounds or acne. Use as a spot treatment, not a full-face one.",positive,positive,0.46,neutral,0.547
7609,this is not my favorite cleanser. it’s ok but it doesn’t seem like anything special. for this price I much rather purchase something Iove more!,negative,neutral,0.947,negative,0.907
3152,"Bought this for myself after the hype went around for it. I expect a cleanser to leave my skin feeling refreshed, however, I know that a cleanser will not stop me from having breakouts because that is not the point of a cleanser (at least this one). I have combo acne prone skin and realllly like this. Compared to the soy face cleanser, its more purifying and deep cleaning. I do NOT use this to take off my makeup and the times I tried at the beginning of using this product it did not go well. As a 2nd cleanse it works great. Would not recommend this cleanser for dryer skin as I felt it to leave my skin deeply cleansed and on days I felt dry I’d have to go in with a hydrating toner and mist after this. Smells amazing, like a green smoothie!!! But a light enough scent that it doesn’t over power my sensitive skin. Everyone with combo/oily skin should give this a try.",positive,positive,0.496,neutral,0.462
3554,"I use this roughly once a week. It burns a bit but it’s more irritating than painful. If you have sensitive skin I would recommend doing a patch test. After use my skin is softer, smoother and has a nice glow.",positive,positive,0.791,neutral,0.479
6660,"I have to say I didn’t think a cleansing balm would make or break my skin care routine but it does. I ran out awhile back and was stubborn about not ordering more, well everything else I have tried has not come close to removing my makeup as well as this has. I had to purchase a new tub as I was having breakouts from my makeup not being removed as well anymore. Can’t wait till my new tub comes in and I can know my makeup is coming off 100% of the time again",positive,positive,0.562,negative,0.534
4429,"I was pumped to give this new clean cbd product a try! Moisturizer is the one thing in my daily routine that I use the most. My skin is on the dryer side, so I’ve tried all different types of moisturizers. This one is on the thick side, which I don’t mind at all- but you do have to use a decent amount to cover your entire face. Also, the smell is a bit off putting, I wouldn’t say it’s pleasant at all, but not bad and it fades after a couple minutes. Afterglow  left my skin looking very dewy and refreshed. Almost gave it a nice plump and texture reducing boost. It didn’t leave my skin oily either, but still managed to have me looking nice and glowy in the morning. I definitely am liking this product thus far! I’ll continue to use it for a few weeks so I can test my theory if it being very effective! If it weren’t for the smell being a little strange, and the price being high for it not being “a little goes a long way”, I’d give it 4 or maybe even 5 stars. I would still recommend this to anyone with dry skin!",neutral,neutral,0.557,positive,0.937
7373,"J’adore !!! j’ai vu une amélioration de la texture de ma peau après seulement 2 jours. C’est un masque donc un peu collant, mais on a pas besoin d’en mettre beaucoup, le pot va durer longtemps. Je n’ai pas perçu d’odeur.",positive,positive,0.613,neutral,0.751
4735,"I liked this moisturizer but didnt love it. It smells wonderful and applies easily. My skin did not feel as moisturizered as normal with this, still felt a little dry for me.  With that being said. i have hard to manage skin and have to be careful with what I use. I didnt hate this moisturizer and would definitely recommend it to people to give it a try and see if it works for them.",positive,neutral,0.449,negative,0.533
1148,my honest opinion. This lotion is very hydrating and smells really nice. I haven’t noticed any firming or change of color as yet. But is definitely hydrating and only a little amount is needed to cover a large area.,positive,neutral,0.508,positive,0.944
2122,"I had a pretty noticeable dark spot on my left hand (always on the sunny part of the steering wheel).  I used that as my “test area“ to determine how well the Kiehl’s product worked.  I’d say that it took about 2 months of regular application to significantly fade the spot.  I have very fair skin, and right now it’s hard to see the spot at all.  I continue to use the solution nightly, and use a good sunscreen daily.  I’ve been using this on facial skin too and am starting to see the dark spots lighten.  It’s not overnight, and for me it wasn’t even “in 2 weeks“, but the results did appear.  Don’t neglect sunscreen use while waiting for the improvement, and keep using it to maintain skin clarity.",positive,positive,0.424,neutral,0.665
3704,"Let me start by telling you I have awful skin. I break out all the time. So I wear a lot of foundation to cover and it’s clogs my pores. It’s a vicious cycle. I have been using these for 2 weeks. My active blemishes are gone. My pores are smaller. My skin looks bright and smooth. The blackheads are all being purged. After a shower, any little clogged pores can be extracted easily. I’m 31 so I have fine lines on my forehead, those are invisible now. I was with cetaphil, then use the PTR pads, then moisturize with Cetaphil. My foundation goes on beautifully and I’m using less and less everyday. When I stop using this product, my skin looks congested and oily. I’m hooked. These are amazing and the only acne product I use. The PTR anti-aging cleanser is amazing too, by the way. The smell is nice, the product is SUPER EFFECTIVE after just a week. BUY THEM!!!!",positive,positive,0.809,negative,0.685
4618,"This is an okay retinol but & prob good for sensitive skin. But I noticed no changes in my skin. TBCH my skin looked better when I was using honeymoon glow from the farmacy. I was hoping this would help with acne scars and texture and just give me that kind of clean glossier skin but I sort of think my skin looks worse now after a month of using this about every other day. Pretty disappointed because I read a million articles hearing this is what celebs use, but to be honest maybe they just had good skin to begin with",neutral,negative,0.634,neutral,0.491
9801,"I bought these but didn’t have incredibly high hopes. i have stubborn hormonal acne. but! they actually do a pretty good job of calming spots down. of course, they don’t completely diminish the pimple, but i don’t wake up to a volcano on my face when i use these. the pimple in question ends up being flat in the morning which leaves me with little to worry about besides it healing on its own from there. would recommend!",positive,negative,0.381,positive,0.575
2176,I keep using the product for about 2 weeks so far..and my rosacea has decreased a lot!! plus..it’s not oily at all.,positive,negative,0.487,positive,0.947
3070,"I have used this twice in the past week. The first time I was really impressed and immediately saw far fewer blackheads on my nose. Did not minimize pores so much but cleaned out the grozz stuff. The second time I used it, I wasn’t as impressed and as another reviewer noted, within a day it seemed my blackheads were back and same as ever. Also, the second time I used it, the product either irritated my skin and caused it to peel or it left some kind of residue that I had to exfoliate off. Perhaps i just need to use it more sparingly (I have sensitive skin).Last thing I’d mention is it does smell a bit funny, at least to me, but I mean you are rubbing charcoal goo on your face so no surprise.",neutral,negative,0.457,positive,0.404
4899,"I used this product combined with the other 3 Sk-II products I received as a 4-step skincare routine. I was very hopeful for this brand after looking at the prices, reviews, and website claims. I noticed no positive differences in my skin after a few weeks of use and was disappointed in the ingredients. It contains multiple Parabens. I would not recommend and won’t be purchasing.",negative,neutral,0.424,negative,0.448
6554,This moisturizer goes on so smoothly! I’ve seen improvements in firmness and hydration. It truly feels like second skin. Defiantly worth the money.,positive,negative,0.444,positive,0.983
8604,This product is so amazing!  I thought it was going to be gimmicky but i really wanted to try it.  I wasn’t a fan of summer fridays because the Jet Lag Mask didn’t work for me and I didn’t like the R,positive,negative,0.852,positive,0.807
4476,"This product is pretty good, 3 stars because the scent is pretty strong and I don’t exactly enjoy strongly scented face products. The consistency is very thick but a little goes a long way. It’s very moisturizing and my skin looks radiant after use. I hadn’t noted any breakouts for the use of this product but the thickness and scent could cause some for others. It absorbed very nicely into my skin. For the price I probably wouldn’t purchase this on my own though.",neutral,neutral,0.602,positive,0.889
6675,"At first I was wary of this product- my skin purged so bad along my jaw line the 1st week of using the product. The blemishes cleared a few days later, and my skin has improved so much. I typically have very oily skin. At night, I use kiehls rare earth tonic, a few drops of this, followed by Sunday Riley ufo. This combo has worked wonders for my skin, as I typically do not even have to blot at the end of a workday and my makeup still looks relatively fresh, while not drying my skin out. I will definitely continue to purchase",positive,positive,0.519,negative,0.342
8203,"I got a sample of this scrub in my latest order. First, the positives: It smells really nice, like strawberries and honey, very natural. The texture is also really nice, you only need a tiny bit because it is pretty concentrated so it should last longer than most scrubs. However, if you have sensitive skin like me, I think this is way too harsh. While i did get a nice glow immediately after rinsing, later on my skin broke out in irritation bumps. If you have sensitive skin that breaks out from too harsh of scrubs or products, you know what I’m talking about. Though I don’t recommend it for the face if you have sensitive skin, it works great on the hands and as a body scrub!",neutral,negative,0.566,positive,0.892
1843,"Initially this worked well and felt hydrating but after 2-3 weeks I developed a rash around my mouth and chin area. I switched back to Skinfix and Cerave, the rash is now healing. It has been one week so the rash is not completely gone but definitely improving. This product has a distinct fragrance so that is my best guess as to what caused the irritation.",negative,positive,0.479,neutral,0.577
659,"My very first Sephora review, bc this mask is AMAZING! It’s so glossy and buttery, without being sticky. I was struggling with dry, patchy lips that looked awful and scaly if I tried to apply lip color. After only 4 nights use, my lips have never been softer! Will be repurchasing for years to come",positive,negative,0.577,positive,0.932
8142,The smell is so delicious but…. It’s too oily for me. My face looks so shiny (glossy). I didn’t like that at the end my face was a little sticky. This product is not for my skin type.,neutral,neutral,0.515,negative,0.869
895,too much raving about it. it’s okay. ..it doesn’t smell great either..which is pretty much why I got it. It is just okay. I have Fresh products across the board. I can do without this one,neutral,neutral,0.638,negative,0.609
323,"This is my second bottle and I can say it works well, I am just not in love with it.  It somewhat hydrates skin but it doesn’t do it enough for me.  This will probably be the last bottle I purchase.  I do like that it doesn’t leave my skin greasy, I just wanted it to leave it more hydrated.  It does work and I tried to give it a few months to work but it just didn’t work as well as I had hoped.",neutral,neutral,0.464,negative,0.736
4384,"I just picked this up a week or so ago, and the pump is already not working. I’m super bummed because I liked it. It’s just not working anymore.",negative,positive,0.496,negative,0.938
1155,"Prior to using this product, I had never double cleansed. I have combination skin (oily/dry/dehydrated). This cleanser, once applied, feels oily and slippery and reminded me of a makeup remover product. It melted the makeup from my face away. I washed the product off my face but had to use a regular cleanser (part 2 of double cleansing) to wash the oily residue left behind. I didn’t apply anything else to my face in order to see if anything was different. My skin felt so soft and hydrated throughout the day. Those dehydrated spots around my lips and nose? Taken care of. I really like it and will continue to use this product. I received this product complimentary from Dermalogica in exchange for my honest review.",positive,positive,0.68,negative,0.478
932,"I truly don’t understand what the hype for this product is. At $40 for such a small sunscreen I would’ve expected much more. This product doesn’t go on fully clear and I notice a white tint on my face after applying. Also I’ve  sunscreen, so I’m not sure if it even truly protects that much. I feel like I’ve had much more success from using sunscreens that are a fraction of the price. The only upside was that it wasn’t greasy and didn’t cause breakouts.",negative,neutral,0.512,negative,0.813
9036,"I like this product for what it was. I’m not generally into facial peels, but this one was not abrasive at all and I didn’t mind it.",positive,negative,0.418,positive,0.927
5671,"This is a good product for those looking for an easy going serum. The packaging is beautiful, however I was expecting a better scent. But that aside, this product felt great going onto a clean face",neutral,neutral,0.541,positive,0.971
4467,it’s hydrating for sure bit doesn’t really brighten dark circles as it should. tried for few months before giving up.,neutral,positive,0.559,negative,0.744
762,"i have bipolar skin type, very dry on winter and tends to get oily in summer. This moisturizer is very creamy, it feels heavy on touch but once on your face it melts away and feels very light. Didn’t clog my pores and I don’t get breakouts. I have been using it for almost a year and I don’t see any problem so far. I think it is superior to clinique.",positive,neutral,0.371,positive,0.675
6305,"I wasn’t sure about these @ 1st but they have made a total difference for me, less break outs!",positive,negative,0.698,positive,0.873
1892,It’s not greasy and does hydrate skin overall. But not strong enough. I got the biggest size after trying a sample. Thought it can be really useful for all body. No. My forearm is still dry. Probably better use in summer than winter like after swim.,neutral,neutral,0.595,negative,0.599
2773,I received this from Influenster and personally I am not a fan of physical exfoliants so I was scared to used the product because they make me break out.,negative,neutral,0.576,negative,0.829
4095,"I was expecting to LOVE this product, but it’s just ok. I really was hoping that it would remove ALL of my makeup, but it doesn’t take off my eye makeup. Still considering returning it...",neutral,neutral,0.733,positive,0.807
690,I received this product complimentary to review. This eye cream feels very luxurious and does moisturize. I did not notice any real drastic improvement on my under eyes though. I probably would not purchase this for $70.,positive,neutral,0.529,positive,0.513
3664,"Pretty good product! I got this to review from Influenster. The 5 pack is not enough to see a difference in my skin but I did feel more energize  and that’s most likely due to the vitamins included (vitamin c, e, and coq10). It tastes pretty good. I think the trial packs should be two weeks worth instead of 5 powders. Pro-tip: if you add the powder to cold water, it will clump up but shaking it will break up the clumps. It’s much better to add to room temp but I prefer colder water.",positive,neutral,0.42,positive,0.962
7640,I am a huge fan of all the Rosebud products. The strawberry scent is so fun and I love how it feels on my lips! I still think the original Rosebud salve is better though :),positive,neutral,0.515,positive,0.987
6306,"This doesn’t do much for me, in fact I find my skin gets a bit irritated by it. It’s also quite heavy.",negative,neutral,0.67,negative,0.927
4871,"I liked this product when I was using it. It didn’t help or hurt my acne, but I have chronically red skin, especially on my cheeks and T zone, and after only a few uses it started helping diminish that. I can’t use it since I added AHA and BHA products in my skincare  (the warnings say not to use with any retinols which this is) and I figured I’d play it safe and just stick to one and switch up routines every once in a while. It has a distinct herbal/mintish smell which I started liking after a couple uses, but it is noticeable for a while after application. Overall, it’s pretty good.",positive,negative,0.494,neutral,0.41
5653,"I used this hoping this would help prevent any dryness/sensitivity my skin experiences transitioning from summer to fall. After reading reviews, I thought this would be a great option. When applying, it feels so moisturizing, but after a couple of hours, my skin is left feeling tight and dry. So much that you could see cracking of my tinted moisturizer after a couple of hours. I really wanted to like this because of the packaging, but will be returning.",neutral,negative,0.791,positive,0.621
5602,Not the best product I’ve tried but decent. I’m only 23 so I don’t really think this product was made for me to use at this point in my life honestly.,negative,neutral,0.556,negative,0.852
2830,"Youtuber Jamie Genevieve always raves about the Daily Revive Concentrate but I wanted to start off with this instead. I have combo oily skin for a reference so i was a bit hesitant. I’d recommend putting 3-5 drops in your hand first instead of applying it directly to your face as it makes your skin feel even more oily and uncomfortable. Putting it on your hand first and then patting it into my skin has made my skin feel more smooth and less dehydrated by morning. I then put on my moisturizer. Just don’t over do it with the oil or else your face can feel like you ate a bucket of fries. Overall, this oil has reduced my texture on my cheeks and my acne scars are fading away. I will definitely try the Daily Revive Concentrate!",positive,positive,0.584,neutral,0.744
3014,"I have tried using different cleansers, and I would say this does the job okay-okay. It does not leave my skin dry but it does leave some of my eye liner and mascara. Though I have seen this issue with a lot of products that I have used in the past. Received this product complimentary from Dermalogica.",positive,neutral,0.628,positive,0.678
5281,I have had a issue with dark spots and uneven skin tone. Since using this my skin is changed dramatically I have been using daily for 2 weeks. I will definitely be purchasing this over and over again.,positive,positive,0.857,neutral,0.469
2762,"Pretty decent moisturizer. It does what it says in moisturizing your skin. I use it during the evening because it’s a little heavier than what I’d prefer for the day time. It has a slight medicinal smell, it’s not terrible, but if you’re sensitive to smells, you might notice it. It doesn’t bother me at all and the smell disappears really fast. It’s a lightweight cream, however it’s heavier than creams such as Tatcha’s water cream. This does claim to have Vitamin C in it, so be wary of that if you use retinol at night. Pricing wise, this is quite expensive for how much you actually get. The perks is that it is vegan and cruelty free, I haven’t tried other products like that so I can’t compare, but it is kind of expensive. The packaging honestly kind of sicks. The pump is so close to the base and the pump range is short and you have to pump all the way down to get product out. This makes you get product onto the pump and it’s annoying. Design wise, they could’ve done better.",positive,neutral,0.736,positive,0.81
501,"Overall pretty good. I like the way it makes my skin look, and it provides some protection from the sun. It irritates my eyes tho, so if it’s bright out I’ll pile on the baby zinc sunscreen instead.",positive,negative,0.524,positive,0.793
3772,"Perhaps I like this toner so much because the last one I tried (Lancome) was worthless, did nothing.  This has a nice scent (which some people may not like), and my skin feels wonderful after use!  I’m very happy with this toner.",positive,neutral,0.614,positive,0.885
9717,"This unfortunately didn’t work out for me too well. It was just OK and not amazing. I put this on my lips and even left it overnight however I even noticed that my lips got drier than before. I found that sticking to my Chapstick is a lot more helpful. I have eczema prone skin and my skin barrier is broken so it can’t really retain a lot of moisture well which is why this lip sleeping mask probably didn’t work out for me. But, I think it would work out for those who have normal skin.",neutral,neutral,0.627,negative,0.801
8461,"This SPF mist was gifted to me by Supergoop! for my honest review. I like this mist but I have some critiques as well. This mist is light and applies nicely. I like the mister-- nice and fine, although it does spray a little wide. I have to be sure to cover my hair and clothes when applying. It’s not overly heavy or greasy like some spray SPFs I’ve used in the past but it does leave a glow but it’s nothing a light dusting of powder wouldn’t remedy. The biggest criticism I have of the mist is the smell. It smells very strongly of chemicals, which I’m sure is unavoidable given that it’s an SPF, however, for me it kind of takes away from any “refreshing“ qualities it has.",positive,neutral,0.617,positive,0.856
1874,"I got this in a sample... the day after i used it, i noticed a little peeling around my chin, and it eventually worked its way all around my face and neck (wherever i had put the product). This is normal, I’ve heard, but unless you plan on not seeing anyone for a week or using moisturizer every 6hrs to mask the dry, dead, peeling skin all over your face and neck, I wouldn’t reccommend this. On the up side, after the peeling was done, my face looked bright and glowy. Even so, I wouldn’t spend my money on buying this.",neutral,negative,0.555,neutral,0.576
658,"J’ai littéralement tout essayé pour sauver ma peau sensible et réactive. Je n’ai pas aimé ce gel, aucun effet sur les rougeurs et la sensation de brûlure. Mesdames peau sensible : Laneige intensive crème hydratant a sauvé ma peau.",negative,positive,0.644,neutral,0.776
5886,"It breaks my heart to give this product 1 star, as DE is an amazing brand and I absolutely love everything they make. I received this product for free from Influenster to try and write an honest review. E-Rase irritates my eyes and did not remove my makeup effectively. I had to repeat the process several times and ultimately use a different product to finish it up. It’s a thicker formula, so it doesn’t work well with the cotton disc.",negative,positive,0.73,negative,0.788
4673,"This color correcting treatment is the real deal. I struggle regularly with pigmentation due to acne and sensitive skin - this stuff cancels out redness and evens my skin tone without being too greasy or heavy. However, I personally don’t like layering under foundation - I save this treatment for days when I want to go foundation free. I put a little bronzer and concealer, and I’m good to go.",positive,positive,0.565,neutral,0.395
1239,"I received this to test out, but haven’t spent much time using it yet.  I do like how it soaks down into my skin instead of sitting in the surface. I like that it is plant based and not harsh chemicals. So far it seems to be doing okay with my skin but have notice a few more little pimples pop up since using, not sure if it’s from this product though.",neutral,neutral,0.599,positive,0.746
2590,"Is this actually doing anything? I can’t tell. All I know is it leaves a sticky, tacky film.",negative,neutral,0.428,negative,0.867
8656,"I have never used chemical exfoliate so I can’t really compare this product to anything else, but it hasn’t given me any issues or irritations so far. It gently exfoliates and smoothens bumpy textures in 1 minute. It seemed like I had flaky skin on some part the next day and it looked pretty bad with makeup on. I’m not quite sure if it’s doing anything to my skin in a long run and I would honestly be able to live without it. I like it but I probably won’t purchase it if I have to pay for $60 for this tiny container. I don’t like the scrubs in this which are pretty hard and it feels like it’s scratching my face as massaging the product.",positive,neutral,0.466,negative,0.492
7472,"great product, but next time I’ll stick with the original Sugar-I like it better",positive,neutral,0.624,positive,0.96
858,I was using this product for a while it does a great job keeping my skin clear and seems to make my skin more even toned which is great so it does what it’s supposed to do. Was thinking there has to be a cheaper alternative cuz I don’t like the price tag. Saw couple of dupes and was sitting on it for a while and then decided to take the plunge and use Peace slices from Amazon. Does the same thing and is so much cheaper!!! Paulas choice will always be my fav and if I have money to spare I will buy this.,positive,neutral,0.467,positive,0.939
2258,i dislike it so much. i brought it because the positive reviews.  the fragrance is so strong! the texture is okay but i can not get past the fragrance. it dries my lips. did not like this at all.,negative,neutral,0.582,negative,0.924
7060,This product smells really bad.... I couldn’t even really try it out because of the smell. Every time I’d put it on my face the whole room would smell. Even the next morning the funky smell was still on my face. :(,negative,neutral,0.493,negative,0.958
703,i received this as a sample using my points because i was so curious if this was worth the price tag. it is not. you can easily find amazing vitamin c serums for half the price. i can not believe she has the audacity to charge $150 for this subpar product.,negative,positive,0.454,negative,0.873
4667,nice thick creamy moisturizer that absorb into the skin quickly. It did not leave my face feeling greasy and it worked perfectly on my oily skin.,positive,neutral,0.4,positive,0.911
4144,"It was highly recommended by a Sephora employee. For me, it was only okay and I will not buy it again.",neutral,negative,0.541,positive,0.773
9083,"I did notice some lift in my face after using the device for an extended period of time, however it wasn’t anything more significant than when I’ve used gua sha. Additionally - I found the app to not be very user-friendly and glitched several times throughout treatments.",neutral,neutral,0.375,negative,0.735
7763,"I was really excited about this product after reading so many great reviews, but I am quite disappointed with the results.  I love the Honey Potion mask by Farmacy and figured this would be a great addition to my skincare routine, however I was wrong.  This DOES NOT remove eye makeup (Bobbi Brown gel eyeliner and Benefit’s They’re Real non-waterproof mascara).  Even after using eye makeup remover before using this product I still get black smears under my eyes.  It also blurs your vision after using.  I do find that it removes my light foundation easily.  It smells really fresh and feels nice on the skin, but I would not recommend this for the price.",neutral,positive,0.641,negative,0.71
1439,I was eager to get this in the mail but this mask made my skin peel & it started drying it out,negative,neutral,0.372,negative,0.658
5691,I found this product just “sat“ on my lips instead of penetrating deep down.  Did not find it moisturizing or helpful at all.  Would not buy again.,negative,neutral,0.453,negative,0.923
365,"This is quite small considering the price, but it is a very good sunscreen. It dries clear and does not feel greasy at all, making it the perfect sunscreen to wear on your face, and under foundation. I wore this to the river and usually burn pretty badly on my nose; however, I didn’t get a burn at all using this product. Would recommend. Only giving it 4 stars because of the price.",positive,negative,0.598,positive,0.926
3492,This made all my pores MASSIVE the next day. Dissapointed,negative,positive,0.571,negative,0.911
8186,"The moisturizer itself has a very smooth consistency and is very light weight. It’s almost like a gel or water cream in that it absorbs quickly into your skin after applying. It didn’t break me out or make my skin purge, which is a definite bonus. You don’t need to use much, in regular weather, a little goes a long way. With it being so lightweight, it doesn’t leave behind a heaviness or weird feeling on your skin. It also didn’t have an adverse reactions with my other products, which is always a good thing. Once the weather turned colder, however, I noticed it wasn’t nearly as effective. I definitely needed a heavier moisturizer as this one did not cut it then. I added a face oil for my last couple days using it, but it didn’t help that much. If you live in a colder and dryer area, you’ll probably need something heavier or a couple different products to offset what the cold does to your skin.In all honesty, while this is a good moisturizer, I’d say it’s not much different from my other go to moisturizers that are significantly cheaper. Price doesn’t always equate a better performing product and this is no exception.However! Is there a certain experience that goes along with using a high end skin cream on your face? Absolutely!",neutral,neutral,0.489,positive,0.834
9244,"Wouldn’t suggest this to younger girls and those that have sensitive skin. I’m 30 and my skin is farely healthy with no sensitivities. I love this product! Every time after spraying it on my face, my skin feels energized and refreshed! It does smell quite strong but I enjoy the smell. My friend that’s younger than my 9yrs complained that it stung her face, so please test it yourself!",positive,neutral,0.631,positive,0.908
1010,I initially got a tester and fell in love with the smell. I got the full bottle but soon realized this cleanser was too harsh on my skin. I was deceived since I really loved the texture and smell of it. Had to return it and got the Farmacy cleanser instead. I would still recommend it for someone who’s skin isn’t sentitive.,neutral,neutral,0.527,positive,0.518
4559,"If you want to shine like the Tin Man, this is for you. There’s dewy, and then there’s this. Straight up grease ball.",negative,neutral,0.627,positive,0.622
3848,"Is it cooling? Yes. Does it smell good? Absolutely. Is it sticky? Uh huh. I like this product, even given that it makes my skin tacky after applying. I really enjoy the texture and would repurchase. Overall, it’s a good product, but it isn’t life altering.",positive,neutral,0.724,positive,0.833
29,"I like a more waxy balm and this one was okay. If you don’t like your balms waxy and thick, you’ll enjoy this. I initially tested this by rubbing it on the back of my hand and it felt good, but I did find myself applying quite a bit. I have a lot of lip surface to cover lol, so I go through it pretty fast. I just wish it contained as much product as a traditional drugstore chapstick. Not sure why so many people complain or rate it down solely because of the steep price point. It’s clearly a lot more spendy than what you’d pay at the drugstore, but you know what you’re getting yourself into if you’re choosing to purchase a lip balm at Sephora. I’d rate the scent as 5/5 though. Smells soooo good.",positive,neutral,0.542,positive,0.795
157,"Do not purchase this cream if you have combination skin that leans towards oily skin. I use it exclusively for the night time. This cream feels too oily on combination/oily skin especially if moisturizer is not the only product you’re using in your night time routine. Maybe it’s more suitable for other skin types. Noticed breakouts on my forehead the morning after the first time using it, but maybe it was just a coincidence. Haven’t noticed any extreme breakouts since, but its just too oily for me. Doesn’t feel nice on the skin. I feel it shouldn’t be advertised for more oily skin types.",negative,neutral,0.468,negative,0.742
65,"I received a sample of this product from Influenster in exchange for an honest review. I tried to use the Facial Treatment Clear Lotion twice. Both times, after a few days my skin became bumpy and congested - the exact opposite of what you want in a pore-clearing toner. My skin went back to normal after switching back to my usual skin care routine, so something in this product didn’t agree with my skin. I’m giving it two stars because it’s probably not the product’s fault - my skin is really picky.",negative,neutral,0.421,negative,0.619
8644,Pretty good product. It’s not sticky and spreads smoothly.,positive,neutral,0.532,positive,0.97
4869,Okay product. Nothing special about this. Didn’t like it,negative,neutral,0.645,negative,0.847
3147,Good cleanser.  I liked that it had no scent and felt soft on my skin.  I have mild acne and this cleanser helped without severely drying my skin.  I will purchase this product in the future.,positive,neutral,0.481,positive,0.958
2734,"Very nice product, good for my daughter’s and my lips to provide a nice layer of moisturization. I use it twice a day and I do believe my lips feel more moisturized.",positive,neutral,0.635,positive,0.981
9100,"I first bought it and it was super helpfull and it was very good!!!! I bought it for the send time and they came with not much liquid, super Dry this time!!!",neutral,negative,0.414,positive,0.97
2987,"Smells good and provided gentle exfoliation, no sharp pieces, but had to return because it really dried out my skin.",negative,negative,0.471,positive,0.559
5762,"I have really dry and sensitive skin. Whenever I would try to use a scrub my face would get red, dry, and would look like I was breaking out. However, if this product my skin did not do that!! My face felt very smooth and soft. I will definitely continue to use the Yo Detox Scrub!",positive,positive,0.447,negative,0.417
7109,Amazing formula. Just a small tube for such a crazy price. 4 stars bc of that. Did make my lips look and feel super moisturized.,positive,neutral,0.631,positive,0.978
4603,"This mask is more like a moisturizer for me. It is lightweight and hydrating during summer. The texture is great, and it does not smell like anything (seems like no fragrance). It is kinda pricy comparing to other similar products. In one word, it’s a ok mask.",positive,neutral,0.71,positive,0.888
1242,"This is my go to lip balm. It is just creamy enough, not sticky and super moisturizing.",positive,negative,0.496,positive,0.941
4774,"using it for a month and my face is slowley clearing up, I cut them in half to get 120 days out of them instead of 60",positive,negative,0.533,neutral,0.533
5040,"got this in the sephora perfect pout lip sampler set. used once and put it down right afterwards. the taste/scent is very candy like, like a cheap play balm, and the results aren’t really there. I can actually feel that continued use would lead to dry lips over time. and I had to use a qtip to apply- it was in a jar, and I don’t want to use my fingers to apply an anytime balm.",negative,positive,0.64,negative,0.797
9424,Great for dry skin I had a weird break out on my nose that wouldn’t go away! I tried 14 different cleansers and this one worked within 2 days!!!!! Now it’s the only thing I use!!,positive,negative,0.448,positive,0.838
1222,"I was a bit nervous because I’d seen mixed reviews for people with concerns like the ones I have with my own skin. I’m glad I went ahead and purchased the “Buffet“ as I’ve previously been using DE’s “Framboos,“ which I LOVE but is a whole lot pricier than the “Buffet.“ For the time being, I think I’ll be enjoying the price reduction of the Ordinary as it’s doing great stuff for my skin. Maybe I’ll splurge on the Framboos once the VIB sale rolls around in the fall but until then this will be my go-to serum.",positive,positive,0.519,neutral,0.445
8349,"I will preface this review by saying I have tried on two separate occasions to make this moisturizer work for me. However, should I have to work that hard to make a nearly $90 moisturizer improve my skin? I am inclined to say no.My skin is dry, and is easily improved by the Saturday Skin water glacier cream. I am trying to use this up currently because project pan is real friends. My skin looks dry and dull, the cream has a bizarre white cast and is not easy to work into the skin. Thoroughly bizarre product.",negative,positive,0.62,negative,0.627
3584,I’ve been using the dry skin formula for years. I don’t know how they do it but the consistency is thin and creamy but when applied to the face it feels thick and occlusive. This is not a product that will absorb completely and some might find it greasy but my dry skin loves it. If you have oily skin check out the gel formula.,positive,positive,0.375,neutral,0.479
6700,Did nothing for my dark spots. I was constantly waiting for results. Thin product and overpriced,negative,neutral,0.498,negative,0.912
1534,Not a typical toner ! Toner to me is drying and strong smelling. This is like a hydrating over night mask it’s lovely. I’m particular about skin care (I’m early 30’s) and this hydrated my skin in one use . I loathe artificial watermelon smells and this barely smells maybe because it’s natural ingredients.I went ahead and got the full size product because the reviews were so good .it’s says use with your hands and I agree product gets wasted on a cotton pad .,positive,neutral,0.539,positive,0.82
2494,So far so good! I am prone to scarring and hyperpigmentation. I feel like my scars are slowly getting better! The best part is I didn’t break out with this product so that’s a win for me!,positive,negative,0.536,positive,0.952
4015,This was a huge letdown for me. I don’t know what I hoped my lips would be doing in the morning after application ... but it was just like Burt’s bees lip balm. Nothing special.,negative,neutral,0.629,negative,0.921
7047,"I wouldn’t buy this on my own. I was hoping to see a difference in my skin and I just, unfortunately, did not. I think I started to break out shortly after using it and for that reason also I wasn’t a huge fan.",neutral,neutral,0.635,negative,0.896
1642,"I recieved this product free from influenster for my honest review. This moisturizer smells and feels good. There is a fragrance  but not overwhelming. I used it in tbe morning under makeup with no issues with it affecting the wear time of foundation. My skin is dry and it did help the look and feel after applying. I had a small sample so I did not have any dramatic skin transformation, I think with time it would improve skin texture.",positive,neutral,0.543,positive,0.936
2865,I have really bad unsereye bags and dark circles. I started using this about a week ago and I can already see a difference around my eye they look brighter,positive,positive,0.483,negative,0.841
5988,I enjoy the smell and it does moisturize really well however long term benefits have not been noticed.,positive,neutral,0.707,positive,0.939
6008,"This is the only cream I’ve found that’s serious enough for my dry, sensitive skin in an desert climate. There’s some oil on this. It didn’t redden my face and I loved it at first. It did make my face bumpy, and I got some severe pimples. This happens, I wish I knew which ingredients do this to me. I’ll be using it on my cuticles.",positive,negative,0.466,positive,0.415
9570,"I do like how it’s a 2-in-1 product & gives you a nice glow. I don’t like that you technically need to use 5-6 pumps to get the full SPF protection (2 pumps is more than enough for your face). Which means you have to use so much product OR use another sunscreen on top. I think it’s best to keep a Vitamin C serum and sunscreen separate in your routine, so I will not be repurchasing this.",neutral,positive,0.566,neutral,0.52
1547,"The first thing I noticed about this lotion was that it had a citrusy smell, than after applying I noticed an almost smokey scent which I didn’t care for. The texture was kind of sticky/tacky feeling but absorbed pretty quickly into my skin. It was kind of the consistency of a sunscreen to me, but it was comfortable on my skin. It did give me a nice glow/radiant look as promised. It’s an average moisturizer but It’s a bit pricey u can find other moisturizers for a better price.",positive,neutral,0.648,negative,0.455
2412,"-but I just couldn’t. Pros: I absolutely love the packaging! Cons: I liked the scent but it was so strong I’d catch a whiff of it hours after I applied. I’m thinking it’s the perfume that was making me break out and my skin isn’t sensitive! I normally have no problem with products like this and I had such high hopes that it would help my skin, but every time I applied it I broke out in small white pimples. I tried giving my skin a break every few days and trying different weeks throughout the month thinking maybe it was a hormone issue, but nothing helped except to stop using it.",negative,negative,0.786,positive,0.786
3187,"My under eyes are always dry and nothing has ever really made a big difference... until i tried this! It is a nice light cream texture and it leave the under eyes moisturized and plumped! Only thing I dislike is the round plastic applicator, a metal applicator would be much nicer.",positive,positive,0.432,negative,0.409
4625,"I’ve had super red cheeks my whole life and in my entire time trying to find things that work, this is the only product I’ve ever used that’s made a difference. it’s shocking. My redness completely disappears when I use it just 2 or 3 times a week. I stopped using it once and immediately noticed. Now, I can’t believe I went so long without it. It also actually helps to blur pores, another thing I’ve never had accomplished without a primer. It’s a tad pricey but a little goes a long way and it’s so worth it.",positive,positive,0.774,negative,0.419
8864,"I’m not sure about this product. I wanted it for a long time & ended up buying the biggest bottle of it because that was the only one in Sephora at the time but right after, I received a sample size in my Play Box. I used the sample size a bit and after about a month, I feel like it oxides on my face and makes my face look really dark compared to everything else. I went to return the big bottle of it which I never even opened but was 2 days past the return time. I’ll keep using it and maybe I’ll end up loving it.",negative,negative,0.567,neutral,0.514
5065,The consistency was nice and it felt smooth in my skin. My skin is a bit dry and it felt very hydrating. I will have to continue using it to see more results. Cons: the smell is a bit off-putting and the price is really high.  I received this product for free or complimentary for testing purposes.,positive,neutral,0.568,positive,0.868
676,I wish this toner didn’t have so much alcohol in it but it does clean my face well,positive,neutral,0.524,positive,0.536
2186,Nightcream was fine  I didn’t  care for the smell but it went on smoothly,neutral,neutral,0.542,positive,0.757
8753,I have sensitive eyes and I didn’t have problems at all. I put these on when I wake up. Love them,positive,neutral,0.351,positive,0.9
7180,I’ve used Philosophy’s Purity Made Simple cleanser for years and I’ve been trying to find a replacement for so long but I have oily/acne prone/super sensitive skin. Every cleanser I’ve tried has dried out my skin so I was nervous to try this because it does foam a little.I am so glad I tried it! It is seriously a holy grail cleanser. I only use it once a day in the morning and I don’t let it get too foamy. I feel like this cleanser took a dead layer off my skin that has been there for years. My face is so much brighter after using this for about a month.,positive,positive,0.859,negative,0.441
3186,"Okay so first off I’m just going to talk about the product, I love the product I really think it works, I’ve noticed a difference in my face being clearer by using this product. It has a minty smell which I’m not mad at at all, it’s kinda nice. The only think I don’t like about the actual product is I wish it was a little tiny bit thicker so it actually feels like you’re applying something to your face, and you can just use your hands to apply. Other than that I will continue to use this product for sure. Now for the bottle that I comes in, it’s very cute love the packaging. What I don’t love is the pump, because the product is so liquidy when you pump it out onto your hands it splatters everywhere. I think if they changed the bottle to a dropper, where you can pick up the product and easily put the droplets into your hand it would be a better product. In all I really like this product and will continue to buy, change the bottle and it’ll make this a 5 start product.",neutral,neutral,0.599,positive,0.946
9037,"This cream is okay, but I’m not a fan of the very strong, heavy scent",neutral,neutral,0.64,negative,0.698
1304,"This product comes out like a toner, so I think it is best to use with a cotton ball or beauty wipe versus trying to apply with your hands/ fingers. The first time I used it the product came out kind of fast and I was not expecting it to. I like that this product is not tacky or sticky at all! It feels very light and clean. I feel hydrated without feeling weighed down. I think I have seen a bit of a more even tone/ skin color with this product so far already but I do want to give it more time! The product will go a long way so I think it is absolutely worth the money!",positive,neutral,0.553,positive,0.83
546,These are pricey but I’ve definitely noticed a difference in my skin. Some older acne scars have started to fade and I’m not breaking out even a quarter as much as I used to. I’ve noticed that my hyperpigmentation from any kind of blemish is reduced as well. I’m not even using them daily as recommended and seeing results.,positive,positive,0.715,neutral,0.571
7757,"This product is very good, but as everything it does not work in all skins. I give him 3 stars because it was supposed to work on sensitive skin and my result was a RED face inmediatly 😆,  I did not give up easily, I tried several times to find out if it was a reaction or a non-adaptation and it did not work.  Fortunately I gave this toner to my brother and HE LOVES IT. My brother has an oily skin and his skin looks radiant, it looks matte and clean. This product dries the skin to help minimize the pores, it works on oily skin (my brother), and sensitive skin (mine) sometimes tends to break out if there is a very strong product, we need a moisture balance. Conclusion: GOOD for oily skin. BAD for sensitive skin.",neutral,negative,0.585,positive,0.623
7823,"I have super sensitive under eyes and I’ve looked around for an eye cream that doesn’t give me a bad reaction. I found this one through a sample and I was surprised when I had no reaction. I recently bought the full size and am so happy I did, it’s my new favourite!",positive,negative,0.377,positive,0.818
7813,"I can tell these products are high quality, but they are way too strong! So whatever you buy, imagine that it does the job but times 10. The babyfacial did its job, but turned my skin red for 2 days! The glycolic serum was nice, but also made my face feel raw for a week. This moisturizer is wonderful, but is so moisturizing, so thick, it clogs my pores. The areas of my face that don’t break out from it clogging up my pores, look very well balanced, smooth, and vibrant. Their product line is most definitely NOT non-comedogenic. I’ve tried many of their products. They are good and effective, but they are not for me. I can see their line helping those in mid-aged years and up, or people who’s skin is in great need of healing. I’m also a little upset about the price. These products are expensive! Another reason I think they’re more meant for mid-aged folk. The whole reason I put up with the juggle between pros and cons was because - for some reason - I thought this company donated to help elephants, but today I just found out that they’re named so because of a story involving elephants. So I don’t understand the price. In today’s world, there are a lot of products that also don’t include harmful ingredients and with more easy-to-comprehend ingredients compared to these guys nor were they the first to go clean. Must be for of its high quality and all in all, their products do work and are nice. I would recommend you try it, but it’s not for everyone.",neutral,neutral,0.527,positive,0.556
4497,It feels like a primer than the usual sunscreen. I hate wearing sunscreen because it makes me feel sticky and hot. But this is hands down- the best sunscreen out there. It makes my makeup stays well and I don’t mind wearing it at all. Beautiful product.,positive,positive,0.471,negative,0.441
6709,This scrub is so light it feels like it removes nothing. Not with it. Smells great tho.,negative,negative,0.396,positive,0.811
1247,"The Origins Clear Improvement moisturizer feels nice and light on the skin. I have many clogged pores due to my skin type. I have been using the product for about a week or so, I feel like to see the “clear improvement” it will take a few more weeks of usage. My skin is also stressed out so that may be another reason why it is taking me personally longer to see an improvement. I would recommend to see if it works for you, hopefully your pores aren’t as pesky as mine.",positive,neutral,0.666,positive,0.55
5366,"I received this complimentary product from influenster for reviewing purposes. However, at first I was a little worried that I wouldn’t like the product. I have sensitive skin and some mentioned that the product had a strong scent. The scent reminds me a lot of Aveda products, very spa like. This product leaves your skin feeling slightly sticky afterwards, but once you moisturize it goes away. Layers well with other products too!",positive,positive,0.594,neutral,0.51
2239,"I don’t like the strong green tea smell but I’m over it now.  I have oily skin so instead of wearing a moisturizer at night I now only apply this Luna Oil at night and the Good Genes in the morning.  The Luna Oil does appear to balance my skin out, before my face was an oil slick and now during the day seems balanced out to normal.  It’s only been a week and half and I’m so far pleasantly surprised.Good Genes after a week and half has brightened my skin a bit and doesn’t appear to reduce appearance of sun and acne spots but I’ll check in again after a month.",positive,neutral,0.495,negative,0.429
5692,"I so wanted to love this product. So many influencers swear by Laneige Lip Sleeping Mask. It goes on feeling wonderful, within five minutes my lips start to flake and peel. Horribly drying.",negative,negative,0.394,positive,0.55
5146,I bought this initially in a smaller size and loved it ! So I purchased the large size . Unfortunely the larger size seems to be look differently on the skin . I dont know why but it’s more orange in appearance. For the price not very pleased .,neutral,positive,0.555,negative,0.476
785,I like how it makes my skin feel but the packaging is a bit awkward. I would like it better if it had a normal dropper like most serums.,positive,negative,0.37,neutral,0.45
5502,"I’ve been using this for about a month and a half. I’ve seen absolutely no change, it anything I’ve only become more conscious about my pores. I will not be buying this again",negative,positive,0.51,negative,0.92
4115,"I got this along with the line for anitaging as a 500 point beauty perk, i figured i’m 32, time to look at the anitaging - yes i realize i am a little late. I tried the whole line following instructions (of course) and to be honest, this stuff burned when i used it in the shower! so i think it might be a tad strong! I started to break out and quit using it. my skin cleared up, but be weary, if you have sensitive skin!!",neutral,positive,0.392,neutral,0.53
9568,"The Inkey List Retinol Anti-Aging Serum worked a little TOO good. I originally just thought I was going to use this to help clear up my blackhead issue and didn’t expect much else. I do have so mild acne scarring and I also have freckles tattooed on. I used this and the next morning - my scarring was practically NON-EXISTENT. Also, unfortunately, it had faded my freckles quite a bit. However, I was still so shocked that it worked this well and only with ONE use. I’ll use wisely from now on with my freckles, but I will continue to use this consistently!",positive,neutral,0.432,positive,0.749
4573,This has been my go to moisturizer since past year. I bought the kit and it came with the 30ml moisturizer.  I tried this and was super impressed on how hydrating this was to my skin. I have combination skin and had no trouble using this.,positive,negative,0.504,positive,0.97
9962,"Great Starter product. This anti-aging serum is super gentle and scentless. It absorbs well and does not feel tacky or pill. I think results are minimal, but it feels nice on the skin and is a good product for anyone, especially in their 20s who is looking to get into anti-aging without harsher retinol products.",positive,neutral,0.516,positive,0.961
5527,"Any client that I use this on, makes a purchase. Whether it be as a primer mist or setting spray. This little miracle does everything you’ve ever wanted/needed and more!!! I’m already on my 5th bottle.... Oops hehe",positive,neutral,0.461,positive,0.977
1254,"Results visible immediately after application. I have been using for more than 5 years, tried other products but they were not as effective.",positive,positive,0.643,negative,0.706
2860,"I was incredibly skeptical of this product but I thought I’d give it a try. My skin is quite sensitive and I don’t typically break out so I was worried that putting one of these on would just cause more problems. However when I do break out, what a sight.  I had a huge spot coming in on my chin. I used these for two days and didn’t really see much of a difference. Now, I know it says it’s infused with all this “acne fighting” stuff. I think that these dots are just a smaller version of the healing bandaids that you can buy at a convince store. Here’s why I give it four stars- I got stressed and tried to pop the ugly spot on my chin. BAD CHOICE. I made it very angry. But instead of picking at it even more (though it was a little late), I put on healing dot and the next day it was a small (but very visible) scab. Then I put on healing dot after healing dot (about 13 in 5 days but sometimes they come off when you sweat, so gym bunnies keep that in mind). Today is the fifth day for me. The scab and spot is gone!! Is it worth spending $20 on what are essentially tiny bandaids? Probably not, but if you only break out from time to time and need a quick fix, these work.",positive,neutral,0.65,negative,0.714
9950,this eye cream is exactly what i needed for going back to work. The scent isn’t too strong and the mixture isn’t too thick - which I like for the hotter months. its refreshing to put on your face in the mornings!,positive,neutral,0.415,positive,0.972
1722,"I washed this off almost immediately after applying.  It’s very, very sticky and sits on the skin.  You don’t look dewy, you look dirty.  I probably would have at least given it until morning to see if there would be any beneficial results, but the smell was too overwhelming.  Like the kind of smell you can taste.     Overall just gross.",negative,neutral,0.529,negative,0.912
6094,Decent. I don’t think it’s worth the price. Wasn’t great for my dry skin. I won’t be buying again.,neutral,neutral,0.525,negative,0.911
7950,I really loved this product! It was honestly way more than I expected. I used it overnight for five days and I saw a huge difference. The only thing I didn’t like was that it left an outline but other that I recommend!,positive,negative,0.427,positive,0.983
7748,"It is gritty, it does sometimes irritate my skin and leave it stinging in spots for 15+ minutes. However, I knew this might happen, and I wanted the most potent form of Vit C. I noticed a big difference in the brightening and evening of my skin tone after switching from another C serum. I use this sometimes in the morning under rosehip seed oil, sunscreen, and foundation and cannot detect any grittiness. Maybe it blends or dissolves in the oil? I wish they sold it in slightly larger packaging since it doesn’t last as long as the serums in the dropper bottles, but it’s more than worth the price and I will continue to repurchase.",positive,positive,0.575,negative,0.535
7422,I been using this for 3 days now an I notice it smooth my dry patch do to the weather change but I did get a big zit on my face but not shore if it cause it cause I will be getting my monthly and day so I’m gonna keep using it and if i break out after then it will be a return item,neutral,negative,0.509,neutral,0.609
1682,I got this from Influenster and I’m 50/50 on it. Like so hydrating but I occasionally broke out depending on where it was used. Loved out thick it was and smells beautiful.,neutral,negative,0.503,positive,0.965
976,"This is a decent cleansing balm for light makeup. I found the scent pleasant, and my skin felt clean after use. However I had worn waterproof mascara and it did not remove much at all. If you are just wearing very light makeup, it will probably be great. Anything heavier though you are going to need additional products/cleaners.",neutral,neutral,0.579,positive,0.899
8984,I like the product itself and have been using it everyday for the last 2 weeks. I’m not sure I notice a difference yet but it goes on very well. Doesnt irritate my eye area either.,positive,neutral,0.482,positive,0.942
783,This was moisturizing and did it’s job. I have oily/acne prone skin. I must say this didn’t break me out at all. It was enough. It has a lovely smell to it.,positive,neutral,0.439,positive,0.916
6656,This is such a good mask. it’s so moisturizing i wish it wasn’t so pricey,positive,neutral,0.577,positive,0.946
7513,This is a spot treatment only I used it on my nose and it made the skin peel around the zit. Don’t use to much,neutral,positive,0.492,neutral,0.659
3474,This product doesn’t give you a deep tan by any means. It really gives you a light shimmery slightly pigmented appearance. Since I am very fair it looks nice on me and gives me some color in a pinch. However it won’t make you look super tan and if you have a darker complexion I can’t imagine it doing wonders. But if you are like me it’ll be a nice touch.,positive,positive,0.468,neutral,0.545
5617,"I finally found something that got rid of my stubborn jaw line acne. I had teenage acne on my forehead, never any where else..it cleared in my 20s then after I turned 30 I started breaking out along my chin and jawline..ugh!! I thought it would be permanent...nothing was working, until I tried this!! It took a couple weeks to clean out my face then, amazing---my face has never looked better..I’m using it along with a delux sample of the green toner. Will be purchasing it too.",positive,positive,0.587,negative,0.452
5011,this works so well! Other cleansing balms were difficult to remove all the way and this one is my favorite. I was so sad when it ran out... wish I had stocked up since shipping is so slow these days.,positive,negative,0.523,positive,0.864
7982,"I’ve been using this for a while now and tbh I don’t see a change in the appearance of my dark spots... I do love the way it smells, it did have my skin feeling nice. I would buy this again only bc it makes my skin feel soft.",neutral,neutral,0.481,positive,0.93
4378,"This eye cream is a great value.  Lots of product in a small tube. Although it was slightly thinner than I expected,  it was very moisturizing.  Easy to apply, felt nice on my skin.",positive,neutral,0.668,positive,0.973
424,Goes on smooth and protects well. Doesn’t leave a white cast on the skin.,positive,positive,0.829,neutral,0.526
8790,"Absorbs quickly, hydrates the skin just well enough without making it greasy, does not make your meke-up slide off if you have oilier skin. On the whole, a very nice moisturising gel indeed!",positive,neutral,0.5,positive,0.751
1408,"I’m not sure how this has good reviews being that it’s a high end sunscreen that does not feel luxury at all. It’s so oily and leaves a white cast on your face! I used this for years. I thought this was as best as sunscreen could get and I dreaded applying it, came across other sunscreens and they were still all similar to me. If you’re looking for a good sunscreen that works and is truly INVISIBLE and not greasy (I have very oily skin) I would truly recommend Kylie Skin’s sunscreen. I will scream it from the rooftops. Dont be off put by the brand, Kylie’s sunscreen is pure luxury and a sunscreen I love to wear everyday before applying my makeup. The texture is almost like that one Smashbox primer.",negative,positive,0.586,negative,0.717
3986,It’s a nice light weight “clean at sephora“ moisturizer which sinks into the skin nicely and doesn’t have a greasy or tacky feeling afterwards. I’m just about done the full size jar applying it once in the morning and once a night but I’ve seen no difference in my skin. So for that reason I won’t be repurchasing.,neutral,neutral,0.523,positive,0.655
5285,"I received a sample of this a few weeks ago. My winter skin was parched, peeling and flaking off in areas due to retinal and benzoyl peroxide usage, so what did I have to lose? I gave this a shot and the results have been incredible! The areas that were prone to flaking are now moist and plump, my pores appear to be shrinking, and my makeup application seems so much more flawless! I hate the high price tag but I have to say, this is one product that is worth it!",positive,negative,0.406,positive,0.786
9712,"It’s taken me a long time to dial in my skin care routine, but I thought I finally found a routine. One part of it was using a facial exfoliating product, however it always left my skin feeling extra dry and it felt like I was sandpapering my face. I went looking for another product and a skin specialist at Sephora showed me this product. OH MY GOD! This is changed my WHOLE routine! I thought at first the whole peeling pills it makes were just a gimmick, but I’ve put this stuff on my counters and walls and it doesn’t pill up. My face feels and looks FABULOUS. And no more scratchy, borderline painful, dried out skin.",positive,positive,0.458,neutral,0.447
6024,"This toner works extremely well, credit where credit is due but it’s extremely tough. I have extremely sensitive skin and this caused me to break out and made my skin irritated. If you have sensitive skin, I don’t recommend but if you have tougher skin then this really works",neutral,negative,0.691,positive,0.544
3062,This is a really nice and very clean smelling daily cleanser. It’s a little pricy for me so I probably won’t purchase again but it’s a good product,positive,neutral,0.7,positive,0.901
2008,"I was so ready to love this. I read reviews and do my homework on skincare products, especially expensive ones. I was so hopeful with this serum and the moisturizer, but unfortunately it made my skin very irritated and blotchy. It works great for some, but I am unfortunately not one of those people.",negative,negative,0.521,positive,0.556
1811,"You must have an essential in your skin care kit, it cannot be missing, you will notice changes in weeks, you will not be able to leave it when you try it., I totally recommend it, it is one of my usual essentials in my skin care",positive,neutral,0.421,positive,0.91
1395,I haven’t see a real difference. I think it’s overpriced.,neutral,neutral,0.668,negative,0.651
1622,"I am one of the 4 controversial people that have Ordinary Retinol a bad review. It worsened my maskne and it improved a lot when I stopped using it. I just don’t think it was right for my skin. I am a nurse and I wear masks 12 hours a day and I think the added oiliness of that one worsened my skin. So I tried this guy (am) and Mandellic Acid (pm) with a bit of the caffeine solution for my bags (am and pm) and my skin has seriously NEVER looked better. I’m talking it’s even better than before masks. Maybe this review will help those who were not loving the Retinol. I am so impressed. Not a single pimple, my face is dewy, glowing,  and soft and my bags are improved. I wish I had before and afters. Absolutely amazing!",positive,positive,0.484,negative,0.727
9696,The products has a subtle toothpaste like smell to it which is okay. Tingles a lot when applied to skin for the first time which I’m not really a fan of. After rinsing the face mask leaves skin feeling nice and soft. There’s no residue or slimy feeling! I used it as apart of my nightly skin routine,positive,neutral,0.615,positive,0.44
5782,Definitely not sensitive skin friendly. Honestly just don’t find use for it in my skincare routine.,neutral,positive,0.474,negative,0.844
7664,"This cream does nothing for my dry skin. It doesn’t even work as an ultra-lightweight moisturizer. However, I gave it three stars because I think those who have oily skin could really like it. This product feels cool to the touch, absorbs quickly, and doesn’t leave a greasy or sticky residue. I didn’t like its strong fragrance, though.",neutral,neutral,0.617,negative,0.457
6502,Really great product. So easy to apply and it does make a difference in smoothing out fine lines and making your skin more even for a better complexion. This formula is great.,positive,neutral,0.568,positive,0.978
6299,I love the concept of this duo. But I feel a bit itchy after using the second step. Not as good as I expected. A return for me,neutral,neutral,0.401,negative,0.464
5797,I have a lot of blackheads and this only made my skin tough with a little bit of a glow. I recieved this product free for testing.,neutral,positive,0.669,neutral,0.531
8379,I only used two pumps instead of the recommended 4-5 pumps and I felt like that was plenty to get enough product to thoroughly cover my face. I used it after babyfacial and my skin was glowing the next day. I don’t know if id use it every day as it does contain ingredients that are comedogenic.,positive,positive,0.503,neutral,0.503
9945,"I’m not sure why I never jumped on the cleansing balm train sooner. I have sensitive skin and eyes. I use almost three make up removing wipes a night and even after that my face never feels ’clean’. Not only does remove almost every trace of the make up I have on, my face feels like I already cleaned it with my nightly cleanser. My skin feels clean, soft, and not stripped going into my nightly routine and it does not bother my eyes whatsoever when taking off my eye makeup.",positive,positive,0.633,negative,0.774
8814,"Very poor packaging. It tells you to twist back into lock position after you use it, but that just makes product come out, which is wasted. If you don’t lock it back, serum gets hard and backed up into bottle. Haven’t noticed any results.",negative,neutral,0.38,negative,0.879
8826,"I absolutely love this stuff. It works. My skin feels supple after using. But the size is absolutely ridiculous. I have dry skin. To get enough on that I can feel it, I’m using too much of the bottle. It won’t even last a month which is a shame. Sunday Riley, make it bigger or make a different version a little thicker so it lasts! At this price and the quantity, it’s cheaper and probably more efficient to buy Tatcha The Essence or even SK-II pitera essence. Those are expensive do what’s that tell you? I’ll be switching to a different brand due to the size and consistency of the product because you have to use too much for it to work.",neutral,positive,0.788,negative,0.424
4639,"I’m so disappointed with this product. I cry every time I see it because of the price. It wasn’t hydrating enough. It’s too thick to begin with so I don’t suggest it as a day eye cream. So many people raved about this but honestly, there are other eye creams that works better with the same price. It is a good base for concealer but that’s the only pro of this product.. Not worth it for the price.",negative,neutral,0.527,negative,0.926
2463,"It’s a very basic face cleanser. Don’t expect miracles. It won’t smooth out or brighten your skin. It’s not a makeup remover either. What it will do is remove sebum and impurities and leave your face clean and without residue, a perfect blanc canvas for next skincare step. Very cheap for the amount that you get. Personally I don’t splurge on cleansers because they don’t stay on your skin very long unlike a good serum or moisturizer.",positive,positive,0.556,neutral,0.448
9302,Stays on pretty well and has a nice shine.,positive,neutral,0.653,positive,0.951
956,"The strawberry smells good, but has an oily background smell once you have it on. No taste at all. It’s very greasy and migrates all over. I knew it’d be a little greasy, but I was hoping it would be more hydrating. The effects are very similar to petroleum jelly. The tin is huge and will last me forever and I won’t be getting it again.",negative,neutral,0.587,negative,0.892
3647,I love these!!! I use the green version but it will not showing up for the review. It is a pretty strong scrub on one side and a nice feeling cloth on the other. It cleanses superbly and doesn’t have a strong smell. I can’t find anything like this in any other brand.,positive,neutral,0.501,positive,0.918
4233,"Although it feels like a very moisturizing face cream, it did not not deliver on the moister part. It made my skin appear nice when I first put it on, but continued use led me to realize that it is not very moisturizing at all. After about a week of morning and nighttime usage, my skin would feel like I did not put any moisturizer on by morning. 2 stars since it smells good and feels so luxurious.",negative,neutral,0.485,negative,0.769
7570,Pros: product is very moisturizing; comes in a nice bottle; good amount of product that will last for months Cons: I get the same moisturizing effect from my Vaseline lip balm for much cheaper price Conclusion: glad I tried it but probably won’t purchase again,positive,neutral,0.757,positive,0.867
2770,"I overlooked the part of the description that mentioned a slight tint so I panckied when the pale, café au lait coloered lotion came out of the bottle. I just knew it wouldn’t work on my skin but it did. It gave my face a soft glow as if my skin was very healthy. I’m not sure about the moisturizing ability. I chose to put this on over my regular face lotion since it’s very dry in this region currently. The combination seemed to work well so I might wait until summer to try ithe product by itself.  The bottle is quite small. I’ve attached a picture for reference. I doubt this will last long if you apply the nickel-sized portion your supposed to apply for effective protection.",positive,positive,0.485,neutral,0.519
6280,"I received a sample of this product (from either Sephora or Birchbox - note sure) and for some reason I thought it was a mask.  So I’ve been putting a moderate layer on my entire face once a week and leaving it on for a couple hours. It stays thick and dewy the whole time it’s on my face.  Afterwards, my face is amazingly soft and my skin tone is perfect!  It wasn’t until I came to buy a full-size jar that I realized it’s not even a mask.  Oh well, I’m going to keep using it as a weekly mask anyway.  It’s been amazing on my skin.",positive,positive,0.807,neutral,0.522
7649,"Let me start off by saying: I have a wrecked digestive system. It has caused me problems for years to the point of debilitation. I’ve tried everything from “eating clean and healthy” for 6 years to colon cleanse pills, to elimination diets, other probiotics, supplements, etc.What I first noticed is: I didn’t hate swallowing these pills. I appreciate that there’s no taste and they’re really small. Secondly: I liked that it’s recommended to refrigerate because that means the probiotic cultures are alive.If you can tell from my before and after photos, everything else speaks for itself. I don’t have as much discoloration nor blotchiness on my face and I just look healthier. Maybe even glowy. But it’s only been 17 days so let’s wait and see if it’s from this product or not.",positive,neutral,0.392,negative,0.544
5073,I received this product as a complementary tester and I thought that it was OK. It did not make my skin up here any more repaired if that makes sense. It made my skin glow more so than it usually does and it was easy to apply. I only received a one week sample so I feel like maybe I need a larger sample to really give it a more detailed review,neutral,neutral,0.833,positive,0.839
2291,"This is a review of a product I received for free called Capture Totale Cell Energy Super Potent Rich Crème Dior. I believe I was a good person to try this out, as I had stopped using beauty products for a couple of years due to my mother’s illness and lack of extra time. I had many fine lines that had shown back up on my face and heavy wrinkles on my décolletage. This product retails for $110.00 and has a silky rich texture and a very light aroma that is not bad. There are no directions on how to apply the product so I applied it as I would other moisturizers, which is two times a day to my face, neck, and décolletage. Unfortunately, after two weeks I did not see any difference at all, which is very surprising given that I have normal to dry skin. I can still see my lines and wrinkles; therefore, I would not recommend this product.",negative,negative,0.48,positive,0.555
9748,"I’ve been using this after my toner and I can definitely tell a difference in this prepping my skin! I did receive this for free, but this hasn’t altered my review! This is so worth the price and I will be investing!",positive,neutral,0.363,positive,0.961
9785,This lotion is amaaaazzinnnngg! It smells surprisingly good and it is not overpowering! Usually face lotions smell awful to me and it makes me self conscious but this one doesn’t! It is very moisturizing as well which is good since the cold air is not doing any justice to my face. This face lotion is a savior to me.,positive,negative,0.391,positive,0.846
9426,Decent primer. I’ll keep trying it for sure,positive,neutral,0.774,positive,0.967
57,I Don’t know what to say about this product it draws attention to the eye initially but then soon the essence of shimmer or glitter goes away the shimmer or glitter is isnt really shimmer or glitter but it’s like a sheer look but it soon goes away . after that it’s fine but I don’t see a difference in my under eye area since using it,neutral,neutral,0.477,negative,0.651
8311,I think this works very well. I enjoyed the experience of this mask. nice mild scent and left my skin feeling soft. I am not sure it did anything dramatic but I would recomend based on price point,positive,neutral,0.975,positive,0.973
7402,"Didn’t meet my needs, not moisturizing or nourishing at all.",negative,neutral,0.567,negative,0.911
6229,"Very nice! I really liked this eye bomb, I think it’s really nice!",neutral,neutral,0.556,positive,0.988
4843,"I received a sample of this product and really loved the results after one use. I purchased a bottle quickly after using up the sample, but unfortunately, my skin began to break out after three days of using this. I love the scent and how it calms redness, but I needed to return it because of the breakouts/bumps on my forehead and chin.",negative,negative,0.445,positive,0.725
1796,"one of the sales girls gave me a sample of this to use in flaky spots only and under my eyes at night. By far the best product ever. Do NOT put it on areas you break out, though. Just patches of dry skin.",positive,negative,0.665,positive,0.868
9861,I would use with a serum and not on dry skin. Also would advise disposing each razor after each use as I do.,positive,positive,0.736,neutral,0.805
4951,Ahhh it stings! It feels like I’m being pricked with a needle or stung by a bee but without the warm burning following. But ohmygosh does my skin feel amazing after this! A great resurfacing mask to help get rid of my marks.,positive,positive,0.555,negative,0.607
2142,Nice product to introduce retinol if you’re a beginner. A little amount of product is required so it will last quite a while. You can notice an effect fast if you use it correctly. Spf is a must so keep that in mind. Gifted by Farmacy.,positive,neutral,0.489,positive,0.956
3228,"Love the packaging and the color, but that’s all I love about it. Very sticky and not easy to apply even with that little stick. It’s not moisturizing enough for my dry lips and my lip peel very often the day after I apply it. Worse than my burts bee chapstick and it also hurt considering how much I was paying for it.",negative,positive,0.464,negative,0.857
8313,"I really wanted to love this product but for me it was just ok. The consistency of the cream was great, I loved the packaging. It just didn’t work for my skin, instead of leaving me glory and fresh feeling I actually wound up with skin that felt dry. This could just be me because weather is colder where I live right now, if you have oily or normal skin still may be worth a try. I also wasn’t a fan of the scent.",neutral,neutral,0.65,negative,0.529
4619,Fresh lipgloss melts.It breaks and falls on the floor.Lousy Lipgloss.,negative,positive,0.825,negative,0.863
2784,This product feels soothing and absorbs into skin very quickly. Doesn’t leave skin feeling sticky or oily. The smell is rather neutral but ultimately I didn’t see a huge difference in my skin and probably wouldn’t spend the money again.,positive,neutral,0.514,positive,0.728
4439,"My mom bought this product, and all I can say is WOW. My mom struggled with very dark area under her eyes. She have been using the product for about a month now. I can clearly see how much this product helped, she has a smoother, and very lighter area under her eyes. look no more ladies.",positive,negative,0.6,positive,0.886
620,helps with texture and helps with the oil. I wear this under my foundation as a moisturizer and it’s so lightweight. I usually get oily after an hour and now I don’t have to touch up until a few hours and it’s not as much oil as before. before I would look like an oily mess and now I just look a bit shiny.,positive,negative,0.43,positive,0.58
4117,"Ultimately I only tried the 5 pack of this product but I didn’t see noticeable results during that time. The taste of this was fine but I’m not someone who has any issues taking something in pill form so I’d prefer to do that than drink this when taking a supplement. It’s pretty expensive compared to pill supplements so I’m not sure I would want to pay to sustain taking this on a regular basis, although if you are someone who doesn’t mind the cost you may see more appeal in this than I did!",neutral,neutral,0.494,negative,0.518
7863,"I received this as trial for a fair review from influenster. I can’t say this serum really did much for me. I didn’t notice brighter looking skin, even skin tone or reduction in dark spots. I did however like that it wasn’t oily and there was a very potent sent. I would say it isn’t worth the money.",negative,neutral,0.495,negative,0.836
9694,"I have such dry areas around my eyes and I’ve tried MANY other eye creams to remedy that, but have had little to no luck. I really liked Caudalie’s Eye Cream, but it’s just so darn expensive that I couldn’t keep it up after the first tube. I’ve tried many other cheaper alternatives, and have had no luck. This is the closest thing I found to it and buying this was sort of a last hope type of thing. This eye cream has a pleasant smell (which is almost as important to me as it is fixing the dryness) and it doesn’t get extra oily and isn’t too creamy where it’s almost pasty. The consistency is perfect and is now my go-to eye cream! Love it!",positive,positive,0.677,negative,0.763
9296,I really wanted to try this product because I was tired of using cleansers that stripped my skin! I always thought that squeaky clean/tight feeling was a good thing with my other cleanser but then I learned that’s really bad for my normally oily skin. This is a game changer! it honestly feels so gentle and I will keep buying it!!! Skin doesn’t feel dry or tight and still feels clean.,positive,negative,0.62,positive,0.519
5822,"I’ve spent years trying different moisturizers, never fully satisfied with the outcome. I have super dry and sensitive skin, and nothing ever lasted to erase the dry spots on my face. THIS is the #1 best moisturizer. I’ve tried higher end products, and nothing works as great as this one.",positive,positive,0.732,negative,0.77
9339,"I’d like to say that it’s such a great set to try the essentials set. Unfortunately, it’s too irritating for my skin that I had to stop. It’s probably because I’m also using a retinoid in my routine. The good thing about it is that It made my skin super soft. The fragrance is great but too overpowering for me. It probably would work if I didn’t already use a retinoid. I received it gifted by Dr. Dennis Gross Skincare in exchange for my honest review.",neutral,neutral,0.492,positive,0.756
2814,"No streaks, natural looking color, easy to apply! It does not have a tanner smell when applying the product, however it does come through once it starts developing. I love the look of this fan though and will continue using it!",positive,neutral,0.441,positive,0.937
3479,"I hated this cleanser for my acne prone skin. It breaks me out every time I use it. It has a very creamy texture, which personally I hate, but is good for some I’m sure.",negative,neutral,0.439,negative,0.924
8073,"I’m a huge fan of the Ordinary products, however I think this one was my biggest disappointment. I have combination skin, pretty oily around the t-zone and cheeks, and can lead to pores appearing a tad larger and mild acne breakouts.I found that this product just did not get the “gunk“ off my face. I’m assuming its a very mild cleanser? But I noticed after 3 days of use, it seemed as though my face just had a build-up of oil and felt very rough. It could be that perhaps this product just isn’t suitable for people with acne/oily skin concerns.Such a shame, I would return it but I don’t think they’ll take it back after 3 days of use.",negative,neutral,0.626,negative,0.829
2842,"I really didn’t like this product. Really really. At all. First, let me say the packaging is beautiful and high quality;  totally Tatcha. It’s completely solid, ensuring no sunlight reaches the product. Superb. The pump dispenser worked great. However... This is really watery, so if you pump on your finger it runs off; you gotta pump it in your palm. OK, no problem; I prefer a little more ’gel’ in my consistency but no big deal. The 2 absolute no’s for me was 1.) The finish. This product refused to be anything other than sticky all hours all day all the time. Not tacky, mind you; sticky. Like ’I put this on before bed my face would glue to my pillowcase’ sticky. It was truly just an awful feeling; like after you sweat a lot and it dries, you just feel dirty. Any fuzz or lint would just stick and not come off. And nothing would tame it; not moisturizer, nothing.  2.) It just didn’t do anything but be sticky. I didn’t notice any difference in texture, discoloration, firmness, nothing. Now, I gave it 3 stars because of the high quality packaging and ingredients Tatcha is know for. But beyond that - no, Tatcha. No.",neutral,neutral,0.689,negative,0.709
8383,La sensation d’hydratation est incroyable. J’ai une peau sèche à mixte et j’ai beaucoup de difficulté à trouver des produits qui correspondent à mes besoins. Les produits Clinique sont ceux qui fonctionnent le mieux pour moi.,positive,positive,0.66,neutral,0.588
85,"It’s my first time trying this type of product. I tried on a pimple that had already broken and on pimples that are still well under the skin. It helps for both, but definetly put a dot as soon as you feel a pimple is forming under your skin! Both left a small mark, but the skin looks healthy and it’s healing.For now, I’ve kept them about 48hrs and the pimples it was covering are pretty much gone.  It sticks really well even if I wash my face. I wouldn’t go out with it thought lol it’s pretty obvious.For me, it’s a huge upgrade, because my skin would get super oily and then products would dry it so much that my skin would be bleeding and peeling off on specifc spots for months... So like... I’m really happy",positive,negative,0.432,positive,0.724
9922,"I definitely couldn’t get 7 uses out of the sample. I think this cleanser was good. It wasn’t bad, but it didn’t wow me. I think the abrasion was mild, but my skin didn’t feel different after using it other than feeling a bit dry. I saw no difference in black heads or pore size, but I didn’t think I would since you can’t get rid of them. I did however experience a slight improvement of the texture of my skin after 2 days. I have milia like bumps and they were slightly diminished with the light exfoliation. I am debating on the full size since it did so make a difference in a couple of days. I do like Clinique as a brand and do like some of their other skin care products such as their gentle foaming cleanser. I received this product complimentary for review purposes, however, my opinions are my own and I will not lie or exaggerate because I received something. If you have similar skin issues as me and are wanting to try something new, give it a shot",positive,neutral,0.662,positive,0.622
7302,"The formula is ok. For a moisturizing cleanser, it lathers more than I expected it to. It also left my skin feeling tight and dry. I’m also quite disappointed in the packaging. One of the reasons why I stan Glow Recipe is due to the glass packaging. Not only is it more planet friendly, but their glass packaging is always so pretty. This one looks so cheap and like others have said, the slimy consistency spills out rapidly. I don’t know, overall this product feels rushed. I hope they don’t plan on releasing more products in plastic packaging because I’d honestly lose interest. I think this product has potential should they chose to reformulated it a bit and change its packaging.",negative,neutral,0.841,negative,0.637
4879,"Received this as a sample.  I was originally put off by the smell.  Thankfully it goes away after a bit.  Used it for 3 days in a row at bedtime.  Worked well around my nose and saw a visible difference in my pores.  However, the rest of my face was a different story.  I ended up with dry patches and small bumps around my chin and jaw line.  I will still use this on my nose but that is it.  Not sure if I will purchase when the sample is gone.",neutral,negative,0.42,neutral,0.502
6382,I got this as a free sample and it really never did anything for my combination skin.,negative,neutral,0.463,negative,0.916
4891,"I was gifted this product from OLEHENRIKSEN & Influenster in exchange for my honest review. The moisturizing aspect of this product is okay, but I failed to see a difference after using it consecutively. The scent is very mild which is nice.",negative,neutral,0.84,positive,0.832
292,"I’ve been making my own toner at home for years because it’s cost effective, non-drying & the best toner I’ve used, and I’ve tried many. This rose toner plays on my all of my senses( sight, smell, and feel), however I’d say the price point isn’t worth it consistently. It is a product that last for a while for me, as I rotate between different toners based on what my skin needs. I also wish that the larger bottle was glass, as I feel the preservation of this item would be a bit different, as I store my homemade toner in glass  after I make it for preservation purposes especially since it’s 100% natural. Not sure that I’ll purchase this at full price, but I definitely wouldn’t decline it if it was given to me as a gift!",positive,neutral,0.499,positive,0.691
3959,"I really like this because it feels like it actually does something. My skin did break out but because I was using all 3 products in this line, I can’t tell you if it was specifically this product.",positive,negative,0.497,positive,0.888
8769,"When I received my complimentary bottle of Guerlain Abeille Royal Youth Watery Oil from Influenster, I wasn’t sure what to expect as I don’t often use products like this. I have normal skin and have never felt the need for an oil as I felt it would perhaps be over-moisturizing on my skin. Upon my first try, I found that it wasn’t too oily (the name holds true to it’s advertising) and I did enjoy the slight warming sensation and illuminating effect I got from it. I have only tried it before bed after I wash my face as I don’t like to have anything oily on my skin underneath makeup. If there’s anything I could change about this product, it would be the scent. Though not overpowering, it’s a little bit outside my usual scent profile preference (fruity, sweet, gourmand or fresh). I’m not sure how to describe how it smells. Perhaps a bit floral or herbal and a little bit more mature. All in all, I give it 4/5 stars. Thanks for the free trial, Influenster!",positive,positive,0.457,neutral,0.639
5806,"I was very excited to try this new Tatcha product. In typical Tatcha fashion, the packaging was on point. Absolute luxury from beginning to end. This cleanser has a very creamy and thick texture which surprised me. You can feel the tiniest grit in it. I was nervous because I have extremely dry and sensitive skin. I have used the same cleanser for years because I was nervous to try something new. However, this cleanser is PH balanced, so it didn’t strip my skin at all. I found the exfoliating element of it to be very gentle and beneficial. My skin feels so smooth! The only reason I am not giving this cleanser 5 stars is because of the smell. When I first smelled it, I thought it was very similar to my other Tatcha products. It has the typical luxury, spa facial type of smell. Wonderful. However, upon rubbing it in my hands and applying it to my face, there is almost a faint aftersmell of, dare I say....fish. It is extremely strange but also only lasts a second, so I can deal with it. I wonder if my bottle got too hot during shipping or something, because none of my other Tatcha products smell that way. If you can get past the smell, it is an amazing cleanser.",positive,neutral,0.515,positive,0.977
249,"This product from Clinique IS fragrance-free (some are not - even though they advertise that everything is).It’s a good product, it is smoothing and keeps my skin moisturized. The only thing it doesn’t really do is change my skin for the better. I tend to prefer some higher quality brands that actually change my skin.",positive,neutral,0.425,positive,0.732
4247,"Hi, I have been using Dermalogica Daily Microfoliant Exfoliator for over a week, It doesn’t have a terrible smell but it’s not very pleased either. It does feel smooth as I am massaging it on my face. I have not see much results on my uneven skin tones, but I may be I haven’t used it long enough. I have seen my skin clearing up from mild acne.  My skin does feel soft and clean after using the exfoliator. I will have to do an update review in a couple of weeks to review my results once again.",positive,positive,0.694,negative,0.548
7053,"I was a little skeptical as I have tried some other celebrity skin care products and wasn’t super excited about those. However, this eye cream surpassed me. I love that it is moisturizing without being greasy. I can apply make up right after and don’t feel like the make up is sitting on my eyes. I also appreciate that it isn’t super scented not does it burn my eyes.  I did not notice a difference in fine lines, but I always think you need more time that just a month to really see a difference. All in all, I would totally recommend this.",positive,neutral,0.492,positive,0.71
8391,"When I saw this in the latest LUXE box I figured it was my opportunity to try it, to see what all the fuss is about.  While writing this review I’ve had it 9 days.    It is a very heavy cream and the directions advise not to rub in, but to pat and press into skin.  The special instructions did make using it feel “fancy” ( for lack of a better word).  I used it only at night but there is no way I could apply primer, sunscreen and makeup over this heavy cream.  ( believe me , I tried and it was a fail in 90° heat)   When I woke in the morning, my face was smooth and glowy  and baby soft.  I loved it as a nighttime cream and I believe it did it’s job as a moisturizer.  Here’s the thing.   It’s not  $300 good.  Ive used other $50 moisturizers that are HG’s  for me.   Don’t get me wrong, I’ll use the heck out of a free sample.  It just wasn’t impressive enough to get me on the LaMer bandwagon.",neutral,positive,0.481,neutral,0.529
1388,"I like this, I don’t love it. You have to let the product dry before applying concealer ( and it takes a while) or it will not set well on your face. It’s ok.",neutral,neutral,0.702,negative,0.705
4945,they work more quickly to help reduce pimples than other hydrocolloid patches and i’ve tried a bunch of different ones! (its the salicylic acid i guess?) only left off a star cause they are pricey for how many you get! but they work and they’re gentle and the acid didn’t dry my skin out leaving it over night !,positive,negative,0.42,positive,0.901
709,"I’m one of those people who’s had more breakouts as an adult than I ever did as a teenager. Nothing major, just a pimple every other month or so, but the ones I do get are massive and impossible to cover up.I use several skin care products from different lines, including Josie Maran Argan Oil at night. A few months ago, I made one change to my skin care routine, and that was adding this cleanser in the mornings. I have not had one breakout since then, and I couldn’t be happier. Yes, the application takes some getting used to, but it was well worth it for me. If your skin is prone to occasional breakouts, you should consider trying this cleanser.",positive,negative,0.438,neutral,0.481
3911,"I’ve been using this product for a year and half, and I sworn that this is the reason why the scar on my face disappear! I had that cut for 5 months and was worry about how it’s never going to fade away. After implying this to my daily routine, the scar slowly disappeared and now you can’t even see it. Keep in mind it is a dedication to use it everyday to see result and it is expensive. 1 bottle usually last me 8 months to a year.",positive,positive,0.686,negative,0.533
4591,+ Rose Quartz+ Hydrating+ Dry Oil+ Lasts a while- Light; best used in combination with an eye cream on top- Need to shake bottle upside down for the oil to release,positive,positive,0.693,neutral,0.574
6160,"So I am 18 years old and I have oily skin. I have hormonal acne and due to working with a mask on, I have been getting cystic acne on my cheeks and around my jaw area. On top of that I have these white bumps on my cheek that I could never pop bc basically they have no head for me to pop it. Only my facial lady could pop it because she would use some extracting tools. I have never used a retinol bc I am 18 and am not responsible enough to wear spf daily also my skin is extremely sensitive due to me using a bunch of acids on it and ruining it for years. This product has REALLY helped get rid of the texture on my cheeks and it brought some pimples to a white head. I am very happy that it helped reduce the texture on my cheeks bc nothing would really help that besides professional extractions. SOME THINGS TO CONSIDER: I definitely used more than a pea size amount while using this on my face. If your skin is oily like mine this is a great treatment/light moisturizer but if your skin is dry this should be used a serum instead of a moisturizer because it is extremely lightweight. The product does have a weird smell to it but it did not bother me because I use it at night (I don’t think its added fragrance). The bottle is very small so I do not think this will last long especially bc I do use more than a pea size amount to cover my entire face. Also i wish it came in a pump so you don’t have to squeeze it out. Other than that this product really helped me and if you do not want to use a retinol I do think this can help you I just don’t know if retinol would be a better option for some people or this but for me this works so I am going to stick to it. :)",positive,positive,0.45,negative,0.831
1295,"My eyelids are lifted after just one use. I’m 46. I’ve had thermage (worthless waste of 2k), laser, Botox, sculptra (for at least 10-15 years and the only one I deem worth the $$), juvederm off and on. I shied away from this device thinking it could do nothing for me but take my money. Everyone says, “it’s temporary.” So are all of the above treatments, including surgery. I will most definitely keep using this. My feeling is that those it is not working for are either too old with too much skin laxity or too young and don’t need it. They may also be using it incorrectly. As for the gel, I won’t be leaving this in. I wash it off after use.",positive,positive,0.6,neutral,0.471
6882,So I was really skeptical buying this product although I had heard many good reviews but decided to give it a shot. I later realized after I continued to use it that it was creating a lot of texture and small bumps all over my face. The cream itself was very moisturizing although I just know it wasn’t suitable for my skin type at all. I have combination oily/dry skin and quite a bit of redness on my cheek areas with few breakouts occasionally. I believe (correct me if I’m wrong) but after doing some research and talking to my new skincare specialist that Salicylic acid and Hyaluronic acid aren’t normally treated for young and immature skin. At least not until about 22  because our skin cells turn over faster than that of matured skin. So if you are a younger adult like me looking for a good moisturizer; this is not the route to go.,negative,positive,0.37,negative,0.709
6551,This product really did fade my dark spots dramatically. However it also caused me to breakout tremendously. A bit counter-intuitive. My skin is pretty sensitive i’ve recently realized that i only get acne when I use acne removing/fading products. Now all i use is my makeup eraser cloth to remove my makeup which only needs to be wet with water alone! I love it. I use absoultely no products on my skin and now its clearer than EVER. Hope this helps for someone else out there:),negative,positive,0.793,negative,0.397
8513,"Great color! No orange effect or streaks, it looks more as though you were laying out for a good few hours. Like any self tanner there is that distinct self tanner smell which I hate however I feel like with this product it’s really not as strong or noticeable as others so that was a plus! I didn’t use a mitt but I washed my hands immediately after applying and didn’t have any staining the next day. I would buy this again",positive,neutral,0.425,positive,0.873
8069,"I would not recommend using this to take eye makeup off, if it gets in your eyes it stings and after works my eyes feel like they’ve been dragged through mud and my skin feels raw. I’ve instead been using sort of like a toner after cleansing my face and it seems okay that way. There’s no special aspects. No strong smell. It’s OKAY at best, I wouldn’t buy this again however. I have sensitive skin and it doesn’t seem to irritate it unless I use it to remove eye makeup.",negative,neutral,0.583,negative,0.735
5944,"I received the 1 oz. bottle of Shani Darden retinol reform, and I think it works pretty good. The bottle itself is very heavy for there to be only 1 oz. of product. The retinol and lactic acid serum is yellow in color. It kind of has a funky smell, but nothing overpowering. It feels nice on my skin. I like it.",positive,neutral,0.592,positive,0.939
155,"I wholeheartedly recommend this product and am so lucky to have found it! I’ve had these enlarged pores from more than a decade ago that has been bothering me for years. Got it in part from using traditional nose strips and trying to squeeze out remaining oils and blackheads. I wanted to try these Peace Out strips because you leave them overnight and they seem like they could cleanse much better. After using them for weeks, those enlarged pores are starting to fade and I’m thrilled!! Love this product!",positive,negative,0.555,positive,0.88
2110,"I have terribly sensitive skin and I have eczema. During the winter months my skin dries and cracks and holds no moisture, it becomes painful. This cream has been amazing and I have had no problems with my skin even through the harshest temperatures and conditions. I will recommend this to anyone with sensitive dry skin",positive,positive,0.594,negative,0.581
48,Initially I tried a sample of this product and it was so good I had to purchase the full-size! Sephora can barely keep this in stock and it’s no surprise: the formula smells really good and is incredibly hydrating. This product is honestly so cheap for how well it works. I’ve tried products more than twice the price of this that did not work as well!,positive,negative,0.572,positive,0.956
2415,"*I recieved this product complimentary for sampling purposes and all of these opinions are my own.* So because I received this for free and need to give an honest opinion, I didn’t want to review the product right away. I received and started using it around August 14th. I actually like it. I don’t use it for my full face because I actually thought it was an eye cream.. Which now I realize that it’s not. I have noticed my eyes look less tired and more moisturized. Whenever I’m at work, coworkers always ask if I am tired. I’m not it’s just allergies- helps with puffiness. The smell isn’t bad. To me, it did not have a strong scent. The texture is pretty thick so if you do have combination/oily skin I would just use it as an eye cream. If you have dry skin, go ahead and use it as a moisturizer. I also like how it feels when I put it on, it’s very creamy and smooth. It makes a great primer for concealer!! For those of you looking for the ingredients: BioNymph Peptide Complex, Hyaluronic Acid, and rosehip and camelia oils",positive,neutral,0.438,positive,0.524
198,Gifted by Dermalogica. I like to combine this with my vitamin C during the day and retinol serum at night. I need the extra hydration during such dry winters. Haven’t tried underneath my makeup yet (and I usually apply a layer of sunscreen on top) so I don’t know if it pills. It does the job but I’m hesitant to use it too much nor by itself because my skin breaks out when too hydrated.,positive,positive,0.874,neutral,0.565
6748,"Beautiful. I usually avoid products with hyaluronic acid because they usually overdo it in my opinion, and HA can be very irritating if it isn’t humid enough (without humidity HA will actually suck water OUT of your skin). or because it may cause other ingredients to penetrate your skin more deeply. This is extremely soothing due to the grape water, and I absolutely love it. My skin reacts to everything, but Caudalie has been very gentle. I would recommend this brand for reactive skin.",positive,positive,0.817,negative,0.429
5222,"Very hydrating product and didn’t leave my skin feeling sticky, but I feel like there are other serums out there that are just as good at a lower price point.I received this product complimentary to test and review",positive,neutral,0.797,positive,0.855
8648,"Though this product smells amazing, and does feel good on my skin, the application is confusing. It doesn’t soak into cotton because it’s thick, so I just rub it around like lotion. No noticeable improvement, but it isn’t bad. I received this for free from Influenster for testing purposes.",negative,neutral,0.534,positive,0.455
6875,"I got this for free from Influenster, but I don’t really like it. First off, it says you’ll see a noticable change in 4 weeks, but they only provided a week’s worth of product. I also do not like how it smells. It isn’t easy to apply because it just pours out instead of like a pump or dropper. I feel like for this price point, it should be better.",negative,neutral,0.581,negative,0.921
5244,This eye cream does offer reflecting properties to make your dark circles look better but I don’t see any long term benefit; this is NOT an eye cream however. More of a light lotion,neutral,neutral,0.488,negative,0.728
3678,"This product works well for its intended use but does not make any significant changes for the price tag. It promises a major change in as little as a week and while I did notice my skin was glowy, nothing too crazy.",positive,neutral,0.717,positive,0.735
9331,"I really like this product but this one smelled a bit stale. The first time I bought this it had a sweet, strawberry jam smell and I just wanted to eat it!! But this time it smelled spoiled, maybe I got a bad tube.",neutral,neutral,0.584,negative,0.591
318,I’ve always had problematic skin. I Always had those under the skin pimples..where u felt bumps around my chin and my cheeks and once I started using this then went down within a few uses. I love u....I want to get the whole murad acne kit.,positive,positive,0.487,negative,0.687
6240,This product was okay. It didn’t hydrate as well as the Vaseline that I always use. It’s nice and does hydrate but it does not last long. The packaging is gorgeous though. Looks great on my vanity!,neutral,neutral,0.559,positive,0.765
2909,"Uhmmm..... I gave it 3 stars because it didnt break me out, very gently, smell good and not dry out my skin. But it does not exfoliate at all, just basically clean the face. It should be good for someone with very sensitive skin. If you want a real exfoliation cleanser, this one is not. Sorry fresh, I love you but not this time",neutral,neutral,0.469,positive,0.47
633,This was lightweight and absorbed quickly. It didn’t make my face feel greasy. I liked the scent which was very lemony. The scent was initially strong when applying the cream but faded quickly into a nice hint of lemon.,positive,neutral,0.442,positive,0.886
2761,The smell is absolutely heavenly! Just like smelling freshly peeled oranges but better!! Perfect for people with oily skin!!,positive,negative,0.62,positive,0.984
8649,"I have been used it for two weeks.  It’s my first acid skin care product, so I used it every two days to prevent unexpected result.  Today is the seventh time for using and I find out my skin is so smooth and a lot of under skin pimples have been sent out.  In the beginning, I was so stressed after seeing five or six white heads acne popping out over night.  After another two days, they are dryer and peel off form skin without knowing.  I recommend it to my friends already.  It’s worthy to buy.  Don’t forget to put sunscreen in the morning.",positive,positive,0.541,neutral,0.466
7315,"I received this product as a free sample from Influenster. I do like this product, the formula is light and does not feel suffocating to the skin. However, the scent is a little off-putting if you don’t like the smell of yogurt and takes quite a while to fade. The texture also is a bit sticky on the skin.",positive,neutral,0.707,positive,0.774
4201,"I received a sample for free for my review. I was in the middle of moving so I didn’t get to use it for a very long time. But the time I was able to, I really enjoyed it. The cream was thick like spun honey, but glided onto my skin very nicely and my under eyes were feeling good! It’s very moisturizing! It does have a faint scent to it, but not overpowering or annoying. I can’t wait to use it some more!",positive,neutral,0.428,positive,0.939
9454,"Bought this b/c of high reviews. if you have sensitive skin, it does make you RED and i noticed a slight breakout initially. It does leave a “sticky“ film after it dries. Does dry skin out a bit. Didn’t notice a “deep clean“ as it claims on label.  i’ll keep using maybe every other day but no plans on repurchasing.",neutral,neutral,0.687,negative,0.626
7488,Clogged my pores causing me to breakout. Would not recommend for someone with acne.,negative,neutral,0.429,negative,0.889
7378,"I was so excited to try this out after reading all the reviews. It never absorbed into my skin and didn’t leave me feeling moisturized, but greasy. It also broke me out. I’m glad I only got a sample and did not buy the whole thing.",negative,negative,0.797,positive,0.738
7359,"I received  the Rénergie Lift Multi-Action Ultra Dark Spot Correcting Cream SPF 30 free to review, and would buy this 10 times over. First let me start by saying i am 44 with dry skin, reddy cheeks, some dark spots near my hair line, and of course the lovely wrinkles and fine lines we all get with age. i use higher end face creams, so i was excited to see how Rénergie Lift Multi-Action Ultra Dark Spot Correcting Cream SPF 30 would stack up. i was not disappointed.i used the cream for a good month before filling out this review and in this time span i found that my skin is softer, tighter, less red, the dark spots have faded and my lines and wrinkles have softened. the cream is so emolument,it takes only a dab, and has a wonderful fragrance that is trademark of Lancome.it does fade though, so if you are sensitive to smells don’t worry. i was able to wear Make up over Rénergie Lift Multi-Action Ultra Dark Spot Correcting Cream SPF 30 without any problems. It is not a greasy feeling cream nor does it make you feel overly weighed down. i do feel like my skin feels tighter and springs back easier. Overall i would say this cream does everything it claims. plus i love having a built in sunscreen! this is now my go to face cream",positive,neutral,0.476,positive,0.769
4204,"The term “gel” is wrong. When I hear gel, I think light and cooling. This is like slathering glue on your face. The smell is also horrible.  I never notice the bad smell that people talk about in reviews but this one is baddddd. I’m still using it because it cleanses just fine but I cant wait for it to be done.",negative,neutral,0.605,negative,0.922
4499,I have been using this stuff every night for 2 weeks and I honestly didn’t expect too notice such a difference so quickly. My skin was looking so dull and uneven this winter and this product has done exactly what I wanted it to! The price is just spot on and I look forward too trying out more from The Ordinary in the future!,positive,negative,0.416,positive,0.938
9471,"This product feels really nice when I apply it, but there is no discernible difference in my undereye puffiness after using it. I will continue to use what I have on mornings when I feel extra tired, or after crying, just because it feels good and cooling. But I would not purchase again.",negative,positive,0.715,negative,0.357
6138,Feels like a spa on the face. It’s cooling in this hot weather and it’s works so well.,positive,negative,0.427,positive,0.954
4921,"So far I like it, as it does cover redness (and I have a lot of redness) but it has a strong scent. I tend to like unscented or lighter scented products.",positive,neutral,0.452,positive,0.871
8846,"Have dry skin and tend to get flare ups of redness. When using this product it did help my redness but not enough for the price point. I enjoy other products from the Tiger Grass Line, they did more healing over time but this was just ok for me.",neutral,neutral,0.686,negative,0.505
2048,"I’m using this cream for about 10 days, first days my skin became red and a bit sensitive after several times of use now it’s better just so shiny don’t forget to take a very small amount. my skin type is combination.",neutral,negative,0.481,positive,0.696
8523,"I have tried multiple makeup removers for eye makeup especially, and none have worked as well as this does. I was using a cotton ball and all kinds of makeup remover from The Body Shop, Lancome, Micellar Cleansing Water, and all of them irritated my eyes and did not remove everything. This cleansing balm from Clinique is the only makeup remover that takes off ALL my eye AND face makeup, at the same time...even my stubborn eyeliner in the water line! I scoop out a portion about the size of a quarter and get it all over my hands. I apply it to my DRY face that I have not washed yet, and rub all over. You don’t have to rub and press hard, just circular motions, starting with your closed eyes. Then i get the rest of my face covered in it, and THEN rinse with water. I absolutely love it and I’m about to purchase my third container of it this year!",positive,positive,0.477,negative,0.532
8199,"This says oil and it’s just that.  A very oily oil.   But it works.  As long as you don’t use too much, your face will look hydrated.  Just watch how much cones out when you first use it.",positive,positive,0.665,neutral,0.499
6438,"I have very very sensitive skin and this cleansed it without any additional irritation, so I liked it quite well. I’m not sure how much it did for my acne because I was using it with the other two products in this line, but it didn’t dry me out significantly.",positive,neutral,0.504,positive,0.831
7275,I prefer mud masks. They really suck out all the dirt from your pores. The inkey list one is too gentle and I don’t really see the difference before and after,neutral,positive,0.428,negative,0.436
6426,"I received this product as a sample. I regularly use the microfoliant(which I love). I was put off by the colour ,the smell and the feel of the powder once I had mixed it with water. After I had rinsed my face, I noticed that I had actually had a reaction to this product and that the skin on my face felt extremely tight. I have reactive skin and it is difficult to try new products.  So with that in mind I am giving it 1 star. It may be great for others, but for me it was a fail. I will be going back to my tried, tested and true Daily Microfoliant.",negative,positive,0.706,negative,0.644
7809,"Four stars for overall awesomeness and minus one for the sulfur smell. My oily (combo) skin feels much better. If you can get past the smell, it’s totally worth it. I’ve sucked it up because it is totally worth it.",positive,neutral,0.53,positive,0.924
5625,"Personally, after using for months- I maybe saw the slightest difference. But honestly, not that good. There’s so much better out there.",negative,neutral,0.706,negative,0.781
553,"I am pleasantly surprised by this moisturizer! As opposed to those water/gel like consistencies, the texture of this product is pretty thick, creamy, and rich. It def packs a load of hydration into my skin and I find myself reaching for it every time before I do makeup. I have combo skin and it works fine.",positive,neutral,0.454,positive,0.971
2386,"I got the little sample as a beauty perk and I will use it again, but I will not purchase the full size. The exfoliation was kind of harsh and the little granules in it were sharp. I did like the way it felt on my skin, it has a kind of cooling, tingling effect.  I have sensitive skin and didn’t have an issue with this but I do wish it was a more gentle exfoliant.",neutral,neutral,0.467,negative,0.484
3605,"This eye cream did not disappoint! I loved the formula and texture of it! I have very sensitive skin under my eyes and a lot of eye creams and moisturizers can sometimes burn me, I didn’t have that sensation at all with this one. I have do have hereditary under eye bags but the darkness is something I like to treat so they’re not as noticeable. I did notice some brightening effect, mostly bc I felt like I needed less concealer for my under eyes!",positive,negative,0.443,positive,0.868
9613,"Cleansing powder is a very novel way to wash your face.  A big bottle.  Can be used for a long time.  It doesn’t feel very dry after washing, it’s okay.  Recommend everyone to use this.",positive,negative,0.409,positive,0.859
5725,"Honestly I haven’t had the best luck with Tatcha products, they don’t seem to work well with my skin but The Serum Stick is amazing!!! Well worth the price. I tend to get dry patches on and around my nose & sometimes moisturizer just doesn’t cut it. I’ve used a few other serums and gels specifically for hydrating dry skin and none have worked so I really didn’t have high hopes for this. I’m pleased to say that it works very well. I just apply a thin layer over the dry patches and tap it gently. It’s not greasy at all and my foundation goes on smoothly & my dry patches aren’t visible. What made me finally cave & buy this is that you can apparently apply it as a touch up over your foundation. I did try that once when I noticed a little dryness later in the day and it rubbed my foundation off. I rubbed the stick directly on my face though, maybe I was supposed to apply it with my finger? Either way, it works very well under foundation and clears up my dry patches immediately. Worth every penny!!",positive,positive,0.345,negative,0.648
2954,"I have combination skin which sometimes makes it difficult to find moisturizers. Most creams either make my skin too greasy or don’t do enough hydrating at all. This “overnight mask“ (I put it in quotations because I use this day and/or night on my really dry days) is incredible.  At night, I use a quarter-sized amount all over my face and wake up looking hydrated, glowy, and healthy. When I use it during the day, I use a significantly smaller amount just on my dry spots and it evens my skin out enough to make makeup look flawless. The scent is very fresh and pleasant. On another note, I’ve had my first tube for a while now, and am only just getting down to the end. It is already a reasonably-priced product, and it lasts forever! Will definitely be repurchasing!",positive,positive,0.863,negative,0.365
5620,"Although this doesn’t smell typically like caramel, it’s a sweet but somewhat artificial fragrance with a detectable citrus note in it. The balm itself has quite a thick texture and is quite rich. It leaves a nice sheen on my lips which keeps them plumped and looking good whilst the balm is on, however I don’t feel it provides any long-term hydration or conditioning and my lips feel pretty much as they did before, once I’ve washed this off. The balm itself also doesn’t last very long. I started with the Coconut version which I found much more true to how it should smell, although neither that pot, nor the Caramel one have lasted me for longer than 3 weeks each. At the price point they are, I was hoping they would last longer and for anyone with very dry lips (mine are not even that dry) they would be going through these at quite a fast rate. ~ My Sephora Top 7 must-have list ~(My top 7 must-have beauty products of all time, focusing mainly on my purchases at Sephora)1. Hair Loss Treatment: ‘Divine Herbal’ - Hair Oil2. Shampoo: ’Sephora Collection’ - Deep Cleaning Shampoo3. Face Mask: ‘Peter Thomas Roth’ – Pumpkin Enzyme Mask4. Pigmentation + Anti-Aging Serum: ‘Divine Herbal’ - Facial Treatment Serum5. Face Scrub: ‘Sisley’ - Botanical Gentle Buffing Cream6. Lip Balm: ‘Nuxe’ – Reve De Miel Lip Balm7.Lip Liner: ‘Sephora Collection’ - Rouge Gel Lip Liner",neutral,negative,0.366,neutral,0.482
3516,"Pleasantly surprised by this product! A small amount goes a long way, and the consistency is smooth and easily absorbed. I didn’t find that it lasted quite as long as my regular moisturizer, but it did have immediate and noticeable positive effect on my skin. The smell was a little strong but not unpleasant.",positive,neutral,0.493,positive,0.969
5558,"This is one of my least favorite sunscreens. It feels and looks greasy on my skin. It makes my face look shiny and oil-y and just feels.... gross on my skin.  It also leaves little white pills no matter how hard I try and rub it in (and if I get any in my eyebrows, it looks like eyebrow dandruff)  I’ve been experimenting with different sunscreens and this has been my least favorite so far! I expected so much more from Drunk Elephant.",negative,positive,0.511,negative,0.913
3566,Its a little too heavy for me. I do think it help my redness but not as much as I’d like.,neutral,neutral,0.737,negative,0.745
357,"I use the Origins Out of Trouble mask for years and loved it. This one is way more drying without delivering better results. My skin tightens to a point that’s physically uncomfortable and actually wrinkles beneath the mask. But the results (in terms of clearing pores) are less noticeable than with the Out of Trouble. This may be good for very oily skin, but I won’t be finishing my tube.",negative,neutral,0.414,negative,0.381
2365,"If the price point for this product wasn’t so high I would give it 5 stars. I definitely have noticed a difference in my skin since using this. Moisturized, smooth and a much more even skin tone!",positive,neutral,0.549,positive,0.938
6278,"This product is light,  scent less,  and the packaging is shiny pretty packaging.  This eye cream is moisturizing. I’ve been trying the fresh take eye cream and I can’t say that I’ve seen a difference in the dark circles around my eye.",positive,neutral,0.443,positive,0.933
9079,"Love the product and the way it applies, the color always looks good and is buildable. Star off because I’ve purchased twice and both times the pump has broken when I’m hardly even halfway through the bottle. Super disappointing, am considering a different formula from Isle of Paradise..",positive,negative,0.502,positive,0.479
2643,"It is okay, but i find when I use it my skin gets more dried out than hydrated. It doesn’t seem like a good match for my skin. It is light weight tho which is nice.",neutral,neutral,0.62,negative,0.742
7864,"This stuff is fine if you don’t want to put anything on top (i.e. makeup). In fact, it’s probably pretty good if you don’t want to layer -- I’m an oily girl and I really don’t get shiny with this stuff on, which is impressive considering it has such high spf. It’s mildly irritating to my sensitive skin, but not enough to be a dealbreaker for me, and I’ve found that to be the case for most sunscreens over 30 spf. I don’t notice irritation every time I put it on. If you want to put on makeup over this though, gooooooood luck. None of my holy grail foundations (with primers!) or even powders went on evenly or nicely or looked good. So, I’d recommend thinking about how you plan to wear this before purchasing. I bought two when they were on sale and I exchanged one of them for the similar Murad 30 spf product, which doesn’t have a mattifier in it so my makeup looks great over it. I plan to use this one for no-makeup days only.",neutral,neutral,0.553,positive,0.59
1598,Moisturing but not oily. Not drying after. Very nice smell. Skin is soft after. The next morning I saw subtle brightness and glow.Keep it for 20 minutes instead of the 10 mins in the instructions for better results.,positive,neutral,0.503,positive,0.881
6764,This’s was so good for my dry skin!!!!! My skin just drank it up and it smells so good!,positive,negative,0.547,positive,0.982
4155,"I usually enjoy Farmacy products very much but I can’t decide if I will repurchase this product. Very thick when first applied, but it does absorb nicely after one hour or so on my skin. It does a good job of keeping me hydrated throughout the day, but I think there are better oils out there for the price.",neutral,neutral,0.525,positive,0.598
9699,This is such a nice product! It smells amazing and i really felt a difference in my skin. I could see a slight difference in my pores and felt really refreshed.,positive,neutral,0.722,positive,0.985
1752,"This toner definitely has some powerful ingredients which is good if you have a lot of problem areas. However, if you have sensitive skin I’d stay away. Also I don’t recommend using right after a deep cleansing mask or scrub because I find it burns. I haven’t noticed amazing results mostly because I can’t use it daily, but I think with strict use it would work well. I received this product free for testing purposes!",positive,positive,0.509,neutral,0.449
2920,Worth it! I have bought at least 4 of these and i cant get enough! I cant find anything like it! It leaves my dry skin looking luminous all day!,positive,negative,0.623,positive,0.928
6894,Good eye moisturizer for the price but I haven’t noticed any change in the appearance of my dark circles. I have been using this product for 3 months now.,neutral,negative,0.536,positive,0.723
4981,I was given this product to test and I’m so thankful I did. My skin feels tighter and more lively. I would hope everyone would see such a difference in their skin after using.,positive,neutral,0.4,positive,0.961
5137,"It’s okay, but this product is pretty over rated. I finished the bottle, but I wouldn’t purchase it again - wasn’t strong enough for me.",neutral,neutral,0.834,negative,0.923
1884,"Este producto para los ojos es super suave, una formula ligera que es absorbida por la piel rápido. Lo uso antes de aplicar mi crema humectante de ojos.",positive,positive,0.517,neutral,0.543
1085,This is not doing anything for my dark circles! Sigh.,negative,positive,0.507,negative,0.91
4500,"This cleanser works well, took off makeup and cleaned with out drying.  I gave 4 stars because of the smell. I never understood reviews when people said they couldn’t stand the smell about certain products - now I know what they are talking about.  This smells awful.  When this runs out I will go back to Kiehls Ultra Facial Cleanser",positive,negative,0.4,positive,0.468
9855,"I really enjoy this as a gentle, first-step cleanse. I will often wash my face with just this in the morning, and in the evening I will use this then the Youth to the People Kale Cleanser. It removes my sunscreen and eye makeup with no issue. It has a pleasant, natural smell that I enjoy. My only complaint about this product is that mine looks nothing like the photos or even other reviewer’s photos. Mine has a clear, jelly consistency but I have basically no pink in mine. I figure this is probably just a different batch and it hasn’t affected my experience negatively, but I don’t like the inconsistency. Overall great cleanser and comparable to the Inkey List Oat Cleanser (the Biossance one is less greasy feeling)",positive,neutral,0.532,positive,0.897
2735,"I have been using this for six months now, and once I wake up my lips feel and look great. Although it doesn’t last and if i apply during the day it gets super tacky and makes my lips feel dry. I also dont like the fragrence I feel like it dries my lips out. Some mornings when I wake up after using this prodect and my lips are cracked, I would pass on this their lippy blams are much better.",neutral,neutral,0.431,positive,0.551
6141,"The packaging is beautiful and luxe and reminds me of the St Germaine liquor bottle. the texture is a little strange at first, but you just have to pat it in and give some time I cannot slap my spf on right after Its very thin and clear and can run so a little at a time is needed. I’m not super young but since I take care of my skin I’m not seeing the results someone more dehydrated and drier (less oil production) would see. radiance comes with hydration and this is described as a triple threat 3 in 1. as far as claims for plumping, I’m not sure I have enough lines to tell. I don’t think i would repurchase. it will take me a long time to use up. the dropper dosent always grab the beads because the products settle. the smell is more prominent than some might like but not unpleasant. its a gourmand sweet smell, almost like a sweet perfume. it does linger on the skin. I love the honey bee on the bottle thats also from recycled glass, I will probable repurpose when its empty. but I still feel really lucky to have been gifted such a gorgeous product to review.",positive,neutral,0.527,positive,0.606
7124,"In my opinion this is one of the best lip balms out there and I am somewhat of a lip balm snob. It has a thin consistency that genuinely moisturizes your lips so that you don’t have to reapply all day. It even works well to break down hard to take off liquid lipsticks. Just one swipe over the liquid lip and it easily comes off with a tissue.Real talk though, I’ve been buying this product religiously for the last two years but have decided to stop buying this product until Fresh fixes the packaging. Once you get down to the bottom there is a TON of product left in the bottom plastic part. You are forced to either waste it or scoop it out with a qtip or cosmetic spatula. For the price and with so many other excellent lip balms on the market it is no longer worth it to me.Also if you do buy this, be careful about keeping it in your car on a hot day. It melts very easily!",neutral,negative,0.53,positive,0.782
7872,"I take this w Moon Juice Hair and Nail vitamins, and have seen a nice difference in my skin. I’m 51 and am in the sun a lot, and I feel that this has made my skin look moist / not as dry, and has lessened the wrinkles and fine lines. Now I only see wrinkles when I smile, where I was seeing them even when my face was relaxed. Some reviewers thought they were big / awkward to take, but I have had bigger pills, and have no problems swallowing these as well as 4 Hair and Nails pills - just drink lots of water!",positive,negative,0.358,positive,0.872
5468,"I have dry/sensitive/acne prone skin, This drys me out every time I use it. It also is not gentle , I feel a tingling sensation after messaging it into my skin. it stings my skin a little. Does not remove makeup completely. I’m starting to get mini bumps on my forehead, this cleanser still leaves makeup on my skin so that is why I get bumps on my forehead. My skin does NOT feel soften or soothe or hydrating false claims this products makes. Not suitable for all skin types. I give it 3 stars because I sure it works great for other people but my skin type it does not work.",neutral,positive,0.446,negative,0.882
2541,"In my opinion do not use if u are acne prone!! It clogged my pores and left little whiteheads and blackheads on my cheeks.also it’s not very hydrating it left my skin the same,dry.",negative,neutral,0.425,negative,0.926
5160,Super high shine and not very moisturizing. Bought two thinking it was on par with the lip mask and gave the other away to a friend to try.,negative,positive,0.369,negative,0.672
6034,"y’all — i hate makeup wipes , they leave the skin sticky , not clean, and full of oils. this balm though is a game changer and lemme put y’all on. it’s clean at sephora , it doesn’t strip the skin, but it gently & easily removes any & all makeup & dirt. not only that but it doubles as a cleanser so you get that double cleanse in !!! leaves your skin baby soft & you feel clean, no residue.",positive,positive,0.823,negative,0.425
6037,"This is beautiful product, but the name is a little misleading. Just by reading the name of this product, I was expecting something with a luminous finish, but it gives a rather “matte, satin finish”, like it says its in its description. Lesson learned, read the description first. With that being said, I would say that this product makes a great moisturizer for someone with combination skin because I feel well-moisturized, but it doesn’t feel too heavy. It also creates the best canvas for makeup because my skin feels balanced and I know it won’t interrupt others being layered on top. The texture is nice and light, so it’s mainly used as my morning moisturizer. If I use this at night, I’d use it with an oil.",positive,positive,0.808,negative,0.456
8369,"The scent is very lovely, not too strong or artificial. This isn’t something I reach for when my lips are very dry. The packaging is so cute and very high quality, quite small though.",positive,neutral,0.408,positive,0.882
8553,"My skin had a lot of dark spots from acne, plenty of dry patches, and just overall dullness. I looked awful without makeup! None of the moisturizers I bought were able to get rid of the dry patches. I was initially worried about using this product because it’s labeled as extra strength and I had very sensitive skin to begin with. Then once I read the reviews I thought that I might as well give it a try since I read that it wasn’t as harsh as expected. I’m so glad that I did buy this one! The first time I used the wipes I immediately noticed a smoothness and the towelettes weren’t harsh at all. I felt a little tingling, but no burn sensations of any sort. I used the product at night and the next morning I had a slight glow to my skin. I did the same thing for the rest of the week and the results have been amazing! My skin has this amazing glow that I haven’t seen since I hit puberty lol! The dark marks have definitely reduced in color and size. The many patches of dry skin have almost disappeared. There hasn’t been any downsides to this product, but I did get a couple of very small zits and that didn’t really bother me. Overall, a great product and I will definitely be buying more. I just wish it was cheaper, but you really do get what you pay for. Also, I usually cut the towelette into 2-3 pieces so it does last me a while.",positive,positive,0.579,negative,0.701
2416,"So I bought this product because I’m currently on tretinoin for acne and I really neede something to help with dryness and peeling. While this does SAVE my dry skin, it also kind of breakers me out. (Or so I think so) This is why I have 3 stars but other than that this product is truly incredible for dryness and peeling.",neutral,neutral,0.461,positive,0.755
8377,This is a prefect example of a product that is visually appealing but does nothing.,negative,neutral,0.63,negative,0.507
9547,"I’m a fan of Ole Henriksen products but this particular serum did not do much for my skin. I get breakouts every now and again but my previous night serum kept my pimples at bay. When I switched out my serum to this one I found that it didn’t keep my pimples and whiteheads away. Also, I didn’t like the feeling of this product on my skin. It’s very tacky and takes forever for my skin to absorb it especially if you use a full pump of the product. I did feel a bit of tingling when applied to my skin but nothing too uncomfortable.",neutral,neutral,0.47,negative,0.828
1164,"I’ve essentially have had skin issues all my life. Things improved vastly in my late 20’s but after turning 30 and some other issues my skin started to do funny things again. Products that I had used previously that worked no longer worked. I went to Kiels and got a new skincare regimen but it still didn’t do much.I went to Sephora looking for the Clinique toner like my co-workers had suggested but the nice ladies at Sephora pointed me to Kate Somerville toner and line of products. I only originally was going to buy the toner but luckily, Kate Somerville had a rep there that day and was giving free facials with a purchase. So i was able to try in store this lotion and the Eradicate mask.I came in looking splotchy and had major acne scars and I left radiant! I couldn’t believe it!! I bought the Clarifying Treatment Toner, this lotion and the Eradikate and there is no turning back. This line of product is legit! Every day my pores are shrinking and my skin is happy again! Works for this gal.",positive,positive,0.647,negative,0.62
483,"I have VERY sensitive, dry, acne prone skin. Vitamin C can really irritate my skin but this really product doesn’t. (Even Caudalie and drunk elephant irritate my skin for reference.)  The reviews that its more a lotion than a serum are correct it is creamy not liquid but that doesnt bother me if it works. It has reduced the appearance of dark spots on my cheeks and evened my skin tone. Brightening- not so much which is why it lost a star but i ll take it as it doesn’t break me out.if you have skin like mine and want Vitamin C this might be for you.",positive,positive,0.776,negative,0.733
663,"I got this bc it basically has every anti-melasma ingredient in there. I have been using this for 3 months on my stubborn hyperpigmentation I have on my nose from wearing hot sunglasses over time (PSA, don’t wear hot sunglasses in your car on your face, especially if you’re a woman of color. Heat = hyperpigmentation). Anyways, I’ve successfully lightened my hyperpigmented areas with 2-3% OTC hydroquinone in the past, but I think using that has made my melasma more stubborn to fading long-term. Also, you’re supposed to take breaks from hydroquinone, which is annoying.Sadly, for me Faded is sadly not as effective as hydroquinone despite me using it twice a day for 3 months. Since I’m a fan of the ingredients & don’t plan on going back to hydroquinone, I will keep using Faded until I’m done with tube & update. It may just be that my stubborn dark marks need more time with this product.",neutral,negative,0.482,neutral,0.538
4060,"i had never tried anything from Tula before but was sent this toner from influenster. i’m a huge fan of the glycolic acid from The Ordinary and used this in direct comparison. all in all, i like it! it seems to work just as effectively as the toner i currently use. i did remove a star because the only way i’m able to use the pump is by turning this upside down ? i think maybe my pump was defective but considering the price difference between this Tula product vs The Ordinary toner, that’s pretty annoying. all in all i liked it and i felt it was effective with reducing the size of blemishes as well as reduce texture. if you love Tula and need a toner then i’d say it’s a great option! if you already have a glycolic acid that works for you though, i don’t think this is worth replacing.",positive,neutral,0.842,positive,0.907
6730,I’ve used this product for months. Did not really make a difference to to my face. Did not help with redness nor acne,negative,neutral,0.403,negative,0.921
3174,"I received The Inkey List Oat Cleansing Balm as a free sample from PinchMe. This was my first experience with this type of cleanser. I was concerned that my face was going to break out because this stuff doesn’t seem any different than petroleum jelly in both consistency and scent. The good news is that not only did I NOT break out, my winter dry skin was actually left feeling soft and looking much more hydrated. I do seem to use a lot more of this cleanser to make my face feel truly clean but the overall results make it worth it.",positive,positive,0.616,neutral,0.453
4545,I wanted to love these so badly! I am a self-tanning junkie and have tried many products from different brands as well - I read the reviews and decided to give these a go - the color not only developed unevenly but also pulled very orange (compared to other self tanners that have an olive tone to them and tend to be more flattering) - they clung to dry spots even after I exfoliated per my usual routine - I would not recommend these especially for the price - was very disappointed because I wanted to love these so very much!!,negative,negative,0.884,positive,0.632
2162,"So far not good. I have been using this daily for three weeks and have not seen any change with my dark spots. I will continue to use and if it starts to work, I will revisit this revue.",negative,positive,0.497,negative,0.83
8293,"For comparison, this is most similar to the CeraVe cleansers. I got this as part of an It Cosmetics holiday skincare set over a year ago that was being discontinued and hence was on discount. I used it up and enjoyed using it but would I spend the $$$ to buy it again? No - especially for a cleanser.",positive,positive,0.508,neutral,0.623
717,Works great as a hydrating oil on skin but it doesnt hyrdate the hair as well as other brands ive used.,positive,positive,0.773,neutral,0.451
5505,"I have sensitive skin and I get redness and stinging from SO many products. I have recently been taking my skin care routine down to the absolute basics, including these bars, and my skin is clear and redness is almost completely gone. I don’t use soap in the mornings, just warm water, so I rotate the juju bar in every other day or so for extra exfoliation or when I feel like my skin has been particularly oily and my pores are getting clogged (aka PMS skin). I have never experienced excessive dryness from these bars like some people are stating in their reviews, and I just use a lightweight moisturizer morning and night.",positive,positive,0.837,neutral,0.472
534,"I wanted to love this so much, I had faith I bought $160 worth of skincare from Dr. Jart. All the descriptions were perfect for my sensitive, acne prone, and very dry (new york winters) skin. But after a week of use, my skin was still dry and flakey, I broke out, and also when I would first initially apply the product it burned and irritated my skin so much but I believed in it so much I looked past that. After I noticed my skin started to get worse I knew I had to stop. I saw a video of a dermatologist saying not to use these products because they are filled with essential oils, which may work for some people but for others they are no good. I am so sad:( I don’t understand why put fragrance or essential oils in products that are branded for sensitive skin if there’s a chance there will be a negative reaction :( With that being said, everyone’s skin is different and this couple very well work for someone else but for my dry and sensitive skin it failed me.",negative,negative,0.925,positive,0.743
2428,"Pretty decent product, a little high on the price point. The results were good, I did notice reduced puffiness with continued use and my skin feels soft and supple.",positive,neutral,0.666,positive,0.967
3976,Pretty good product. It’s not sticky and spreads smoothly.,positive,neutral,0.532,positive,0.97
2166,"I am terrible with make up in general, but this is easy to apply correctly so it looks barely blushy! One off for the co$t",positive,positive,0.52,negative,0.681
1916,"I received this product for free from Influenster. I love Drunk Elephant and I was excited to try this one. I don’t have any major problems with wrinkles and other signs of aging around my area and I didn’t notice any difference from using this product. Sometimes my eyes are puffy and this product didn’t help with that, but I guess it wasn’t supposed too. I still recommend giving it a try if you are looking for anti-aging eye product.",neutral,neutral,0.674,positive,0.947
6733,"I sought out a forum to give my opinion about this product....I am THAT impressed. (Exfoliate Paula’s Choice). I eat organic, healthy, no fragrances....but for some reason in the past few years, I have been breaking out daily with little pimples. I went through menopause 10 years ago, was wondering if it was chlorine in the water - it was driving me crazy. So I caught a youtube video with a girl talking about different facial bacteria/yeast/breakouts etc., and this was one of the products she recommended. I use it after bathing, and NO more breakouts! Happyhappyhappy....I am SO relieved to have clear skin again.I am a well-preserved 61, btw, and didn’t get anything for this review.",positive,negative,0.421,positive,0.599
310,My favorite night time moisturizer. The formula feels so nice and luxurious. I have not noticed any changes in my skin just feels good. (I also do not currently have any skin issues),positive,neutral,0.553,positive,0.969
794,Fave fave oil. Doesn’t break me out or cause redness. Maybe it’s the cbd?,positive,negative,0.455,positive,0.87
1754,"Product was good, could be better. Overall its worth a try.",neutral,neutral,0.427,positive,0.966
9614,"I have a lot of redness all over my face esp acne marks/scars. I’ve only used this for about a week and I noticed a fairly large difference in my skin tone. I use it twice a day morning and night with some of Sunday Riley products (Luna oil, Good Genes, Tidal). I don’t think it works that well on my active pimples (only have 3), but it does give that soothing sensation as well as minimizing the size of my pimple. If I continue to use this serum, I believe it will clear up my old acne (red) scars rather quickly. I also really like the dropper, it’s so cool! Try it, you might like it!  Give it a few days before knocking it down.",positive,positive,0.754,neutral,0.524
