sentence_id,text,label,split
SENT_0000,Our engineering team has been deployed on the enterprise tier for approximately three fiscal quarters. [Log #161],NEUTRAL_NOISE,train
SENT_0001,REALLY wish they left out the coconut oil :(I love facial oils and use them everyday however my skin just doesn’t play nice with coconut oil of any kind.,RECOMMENDATION,train
SENT_0002,Database synchronization deadlocks whenever two editors modify document access permissions simultaneously. [Trace #1334],COMPLAINT,train
SENT_0003,After I finish using up this product I may switch to first aid beauty which is gentler.,NEUTRAL_NOISE,train
SENT_0004,"SAML SSO authentication repeatedly times out on Safari, trapping enterprise users in an infinite login redirect loop. [Trace #1290]",COMPLAINT,train
SENT_0005,Database synchronization deadlocks whenever two editors modify document access permissions simultaneously. [Trace #1274],COMPLAINT,train
SENT_0006,I use this at night and a little goes a long way.,NEUTRAL_NOISE,train
SENT_0007,The migration from our legacy database was blazingly fast and completed with zero unplanned downtime. [Feedback #457],PRAISE,train
SENT_0008,I was able to make it work on one occasion by mixing the smallest bit of this in with my regular facial moisturizer but I still ended up greasy and the small was noticeable.,COMPLAINT,train
SENT_0009,The search bar returns 0 results for exact SKU matches when special punctuation or hyphens are present. [Trace #1324],COMPLAINT,val
SENT_0010,I heard great reviews about this product and was so excited to give it a try - but it felt so tacky and sticky on my skin :(,COMPLAINT,train
SENT_0011,"Webhooks silently fail with HTTP 500 internal server error during peak usage hours, causing irreversible data loss in Salesforce. [Trace #1293]",COMPLAINT,train
SENT_0012,Audit log downloads truncate foreign unicode characters and corrupt Japanese and German customer records. [Trace #1119],COMPLAINT,val
SENT_0013,I have used it for about a week now and my skin is in love.,PRAISE,train
SENT_0014,"(BTW, the directions are affixed to the box, not inside the box.) I wish it weren’t priced so crazy high, but it is the least expensive Sunday Riley product--I think you’ll get the most bang for your buck with Good Genes as far as results.",RECOMMENDATION,train
SENT_0015,This is without a doubt the absolute worst cleansing balm.,COMPLAINT,train
SENT_0016,I had really bad dark spots that I tried countless dark spot remover creams and treatments that never seemed to do much and I used this only 2-3 times and started seeing much brighter skin and it feels so smooth!,PRAISE,train
SENT_0017,Super disappointed that it didn’t do its wrk.,COMPLAINT,val
SENT_0018,"Five stars for performance; complex aggregation queries across 500,000 rows return in under 35 milliseconds. [Feedback #372]",PRAISE,train
SENT_0019,The organization renews our annual licensing agreement on the first business day of October. [Log #153],NEUTRAL_NOISE,train
SENT_0020,My dark marks have faded like crazy and my skin is glowing.,PRAISE,train
SENT_0021,"Five stars for performance; complex aggregation queries across 500,000 rows return in under 35 milliseconds. [Feedback #390]",PRAISE,train
SENT_0022,We configured the staging environment following the recommended infrastructure setup documentation. [Log #282],NEUTRAL_NOISE,train
SENT_0023,The search bar returns 0 results for exact SKU matches when special punctuation or hyphens are present. [Trace #1084],COMPLAINT,train
SENT_0024,The organization renews our annual licensing agreement on the first business day of October. [Log #223],NEUTRAL_NOISE,train
SENT_0025,"It also left an oily residue that would appear halfway through my day, arising from my pores.",COMPLAINT,train
SENT_0026,The search bar returns 0 results for exact SKU matches when special punctuation or hyphens are present. [Trace #1180],COMPLAINT,train
SENT_0027,Love the consistency and how it feels on my skin.,NEUTRAL_NOISE,train
SENT_0028,I love how it smells and how it makes my skin feel!,PRAISE,train
SENT_0029,burned the HECK out of my eyes!,COMPLAINT,val
SENT_0030,"I use the cream in the morning and in the evening, I love how well my foundation applies on it!",PRAISE,train
SENT_0031,I believe the product would be cheaper if the product line stopped the “gift look“ packaging.,NEUTRAL_NOISE,train
SENT_0032,"I wish SO MUCH that it worked for me, but sadly it just doesn’t.",RECOMMENDATION,train
SENT_0033,"I have been using for a few weeks now and haven’t noticed any changes, but it feels great so I will continue to use .",NEUTRAL_NOISE,train
SENT_0034,Push notification latency is unacceptable; alert webhooks take over 40 minutes to notify on-call engineers. [Trace #1081],COMPLAINT,train
SENT_0035,"YTTP has some seriously great staple products, just wish they weren’t so expensive :(",RECOMMENDATION,train
SENT_0036,Seamless integration with PostgreSQL and pgvector; worked right out of the box with zero runtime bugs. [Feedback #335],PRAISE,train
SENT_0037,"Experiencing a severe memory leak in the desktop background worker, consuming 4GB RAM after two hours. [Trace #1291]",COMPLAINT,val
SENT_0038,Attachments larger than 15MB fail to upload with a cryptic network timeout error and no retry option. [Trace #1079],COMPLAINT,train
SENT_0039,My zits were huge with lots of blood Spraying out  I haven’t experienced breakoutS like this sense my teenage years.,COMPLAINT,train
SENT_0040,It has been one week so the rash is not completely gone but definitely improving.,COMPLAINT,train
SENT_0041,The organization renews our annual licensing agreement on the first business day of October. [Log #228],NEUTRAL_NOISE,train
SENT_0042,"I got samples of this eye cream with a recent purchase, used it twice, and both times this cream created, not improved dark circles.First time it was stinging when I applied it to my under-eye area, but I thought: it’s vitamin C working!",COMPLAINT,train
SENT_0043,"after falling in love with the midnight recovery eye cream, and after all the rave reviews by beauty gurus, I decided to bite the bullet and try this.",PRAISE,train
SENT_0044,Would love to see an automated daily export integration to Snowflake and Google BigQuery warehouses. [Feature Req #719],RECOMMENDATION,train
SENT_0045,It’s a very expensive night serum.,NEUTRAL_NOISE,train
SENT_0046,Make up goes so easy on it I am fascinated by this product I wish I try it sooner.,RECOMMENDATION,train
SENT_0047,"I love the consistency of it,  it smells amazing, and I like the way it makes my skin look dewy.",NEUTRAL_NOISE,train
SENT_0048,The worst reaction I have ever had from a moisturizer.,COMPLAINT,val
SENT_0049,The redesigned dashboard is super intuitive and saved our operations team over 10 hours every week. [Feedback #334],PRAISE,train
SENT_0050,It would be helpful if the filter drawer remembered active column visibility across different browser sessions. [Feature Req #683],RECOMMENDATION,train
SENT_0051,I was instantly disappointed with how much packaging these little stick ons came in.,COMPLAINT,train
SENT_0052,Should offer a granular role-based access control (RBAC) permission matrix for external auditors. [Feature Req #601],RECOMMENDATION,train
SENT_0053,Holy cow this one was the worst and most misleading fragrance I ever bought.,COMPLAINT,train
SENT_0054,I received a very small sample so I don’t know if I will be able to use it long enough to see results.,NEUTRAL_NOISE,train
SENT_0055,Seamless integration with PostgreSQL and pgvector; worked right out of the box with zero runtime bugs. [Feedback #467],PRAISE,train
SENT_0056,"Webhooks silently fail with HTTP 500 internal server error during peak usage hours, causing irreversible data loss in Salesforce. [Trace #1245]",COMPLAINT,train
SENT_0057,Hands down the best REST API documentation and developer sandbox experience in the enterprise software space. [Feedback #422],PRAISE,train
SENT_0058,"Experiencing a severe memory leak in the desktop background worker, consuming 4GB RAM after two hours. [Trace #1183]",COMPLAINT,train
SENT_0059,"I would like to try it for longer, but $89 for a small amount is out of my budget for now.",RECOMMENDATION,train
SENT_0060,Wish there was a dark mode theme for the analytics dashboard to ease eye fatigue during night shifts. [Feature Req #624],RECOMMENDATION,train
SENT_0061,Removed dead skin gently and leaves behind glowing refreshed skin.,PRAISE,train
SENT_0062,Seamless integration with PostgreSQL and pgvector; worked right out of the box with zero runtime bugs. [Feedback #347],PRAISE,train
SENT_0063,The iOS mobile application completely freezes on the splash screen and fails to load offline dashboard cards. [Trace #1090],COMPLAINT,train
SENT_0064,The organization renews our annual licensing agreement on the first business day of October. [Log #288],NEUTRAL_NOISE,train
SENT_0065,The organization renews our annual licensing agreement on the first business day of October. [Log #148],NEUTRAL_NOISE,train
SENT_0066,I received this product for free from Influenster for testing purposes however this opinion is my own.,NEUTRAL_NOISE,train
SENT_0067,Would love to see an automated daily export integration to Snowflake and Google BigQuery warehouses. [Feature Req #663],RECOMMENDATION,train
SENT_0068,I can fell it on my skin all day and my skin looks very oily.,COMPLAINT,train
SENT_0069,It would be great if you allowed custom webhook request headers for HMAC signature verification. [Feature Req #638],RECOMMENDATION,train
SENT_0070,Could improve incident collaboration by adding bi-directional Slack and Microsoft Teams notification bots. [Feature Req #604],RECOMMENDATION,train
SENT_0071,I wish KS released bigger packaging so that I can bath in it.,RECOMMENDATION,train
SENT_0072,Feature request: please consider adding bulk user provisioning and deprovisioning via SCIM API endpoints. [Feature Req #546],RECOMMENDATION,train
SENT_0073,Attachments larger than 15MB fail to upload with a cryptic network timeout error and no retry option. [Trace #1055],COMPLAINT,train
SENT_0074,"Love how it easily glides onto the skin and how fast it absorbs, leave zero white cast.",PRAISE,train
SENT_0075,I was really disappointed in this.,COMPLAINT,train
SENT_0076,The migration from our legacy database was blazingly fast and completed with zero unplanned downtime. [Feedback #349],PRAISE,train
SENT_0077,It left my skin naturally glowing and felt hydrated.,PRAISE,train
SENT_0078,"Again, i feel this one is best for sensitive skin users who would like a scrub.",RECOMMENDATION,train
SENT_0079,The default account settings were populated by our internal compliance administrator yesterday. [Log #120],NEUTRAL_NOISE,train
SENT_0080,"It was so dry, it began to peel, I got some irritation bumps, terrible redness.",COMPLAINT,train
SENT_0081,I really like the texture and smell of this product.,NEUTRAL_NOISE,val
SENT_0082,Feature request: please consider adding bulk user provisioning and deprovisioning via SCIM API endpoints. [Feature Req #634],RECOMMENDATION,train
SENT_0083,Feature request: please consider adding bulk user provisioning and deprovisioning via SCIM API endpoints. [Feature Req #706],RECOMMENDATION,val
SENT_0084,Customer support answered our urgent ticket in under 4 minutes and hotfixed the permissions issue immediately. [Feedback #417],PRAISE,val
SENT_0085,Should offer a granular role-based access control (RBAC) permission matrix for external auditors. [Feature Req #625],RECOMMENDATION,train
SENT_0086,Hands down the best REST API documentation and developer sandbox experience in the enterprise software space. [Feedback #524],PRAISE,train
SENT_0087,"I wish the scent was different, jmbut other than that I really like it.#alwaysaqua #contest #complimentary @belifusa @Influenster",RECOMMENDATION,train
SENT_0088,Stripped my skin leaving it very dry,COMPLAINT,train
SENT_0089,The migration from our legacy database was blazingly fast and completed with zero unplanned downtime. [Feedback #373],PRAISE,train
SENT_0090,It would be helpful if the filter drawer remembered active column visibility across different browser sessions. [Feature Req #707],RECOMMENDATION,train
SENT_0091,Seamless integration with PostgreSQL and pgvector; worked right out of the box with zero runtime bugs. [Feedback #455],PRAISE,train
SENT_0092,I stopped using it a couple of days ago and the breakout is almost gone.,COMPLAINT,train
SENT_0093,I completely broke out   Would not recommend this product for combo/oily skin.,COMPLAINT,train
SENT_0094,The default account settings were populated by our internal compliance administrator yesterday. [Log #185],NEUTRAL_NOISE,train
SENT_0095,Conducting integration testing across macOS Sonoma and Ubuntu Linux LTS virtual machine instances. [Log #134],NEUTRAL_NOISE,val
SENT_0096,"Qfter trying countless moisturizers from every store you could ever imagine, I finally found my holy grail!",PRAISE,val
SENT_0097,The iOS mobile application completely freezes on the splash screen and fails to load offline dashboard cards. [Trace #1234],COMPLAINT,train
SENT_0098,Please add native support for OAuth 2.0 PKCE and multi-tenant Okta SSO in the next enterprise release. [Feature Req #653],RECOMMENDATION,train
SENT_0099,We configured the staging environment following the recommended infrastructure setup documentation. [Log #232],NEUTRAL_NOISE,train
SENT_0100,I have been using this for about 3 weeks now.,NEUTRAL_NOISE,train
SENT_0101,I received a sample size to test and I did notice that one particular spot I have on my face has lightened!,NEUTRAL_NOISE,train
SENT_0102,"Wish it was more mattifying, so one star off.",RECOMMENDATION,val
SENT_0103,Should offer a granular role-based access control (RBAC) permission matrix for external auditors. [Feature Req #521],RECOMMENDATION,train
SENT_0104,"Yes, It helps on the drying skin aspect, but has presented me with a whole new list of problems.",COMPLAINT,train
SENT_0105,I can see a more even facial tone and I feel good about using it because it’s clean!,NEUTRAL_NOISE,train
SENT_0106,It absorbs quickly into the face and left my skin feeling so smooth the next morning.,PRAISE,train
SENT_0107,I have never broken out so badly from any product ever.,COMPLAINT,train
SENT_0108,The citrus scent was great too and work help wake me up in the morning as well as giving myself face a glowing appearance!,PRAISE,train
SENT_0109,It was a complete waste of money and I really wish I’d returned it.,RECOMMENDATION,train
SENT_0110,I have noticed when I wake up that my skin is glowing and less bumpy not to mention soft and supple.,PRAISE,train
SENT_0111,Feature request: please consider adding bulk user provisioning and deprovisioning via SCIM API endpoints. [Feature Req #570],RECOMMENDATION,train
SENT_0112,The iOS mobile application completely freezes on the splash screen and fails to load offline dashboard cards. [Trace #1042],COMPLAINT,train
SENT_0113,Seamless integration with PostgreSQL and pgvector; worked right out of the box with zero runtime bugs. [Feedback #515],PRAISE,train
SENT_0114,I love how this product isnt too thick and it sinks into my skin immediately.,PRAISE,train
SENT_0115,"I wish it was packed in a pump format, I just find it more hygienic that way.",RECOMMENDATION,train
SENT_0116,The latest update v2.14 broke table pagination and silently wiped out our team's saved filtering presets. [Trace #1104],COMPLAINT,train
SENT_0117,I feel so high-class using this.,NEUTRAL_NOISE,train
SENT_0118,I just wish it contained as much product as a traditional drugstore chapstick.,RECOMMENDATION,train
SENT_0119,The migration from our legacy database was blazingly fast and completed with zero unplanned downtime. [Feedback #331],PRAISE,train
SENT_0120,Our engineering team has been deployed on the enterprise tier for approximately three fiscal quarters. [Log #126],NEUTRAL_NOISE,train
SENT_0121,"The web client crashes with an uncaught runtime error when exporting more than 10,000 records to CSV. [Trace #1037]",COMPLAINT,train
SENT_0122,The search bar returns 0 results for exact SKU matches when special punctuation or hyphens are present. [Trace #1108],COMPLAINT,train
SENT_0123,It would be great to use in the winter but it can also be used throughout the spring/summer if you use it at night because it’s greasy.,RECOMMENDATION,train
SENT_0124,Smells sooo goodI absolutely loved this stuff and can’t wait to get more input this kn my xmas wish list.,RECOMMENDATION,train
SENT_0125,Should offer a granular role-based access control (RBAC) permission matrix for external auditors. [Feature Req #697],RECOMMENDATION,val
SENT_0126,I wish Influencer would stop sending me them.,RECOMMENDATION,val
SENT_0127,I like this eye cream that I received to try from Influenster.,NEUTRAL_NOISE,train
SENT_0128,"SAML SSO authentication repeatedly times out on Safari, trapping enterprise users in an infinite login redirect loop. [Trace #1194]",COMPLAINT,train
SENT_0129,"I wish I had purchased the travel size trio though, so that I could conveniently store it in my purse for use during the day.",RECOMMENDATION,val
SENT_0130,Conducting integration testing across macOS Sonoma and Ubuntu Linux LTS virtual machine instances. [Log #194],NEUTRAL_NOISE,train
SENT_0131,Conducting integration testing across macOS Sonoma and Ubuntu Linux LTS virtual machine instances. [Log #174],NEUTRAL_NOISE,train
SENT_0132,10/10 never buying any other facial cotton.,PRAISE,train
SENT_0133,"After one week, I wish I had taken before pictures of my skin.",RECOMMENDATION,train
SENT_0134,I bought this with a bunch of other products to revamp my skin routine.,NEUTRAL_NOISE,val
SENT_0135,The latest update v2.14 broke table pagination and silently wiped out our team's saved filtering presets. [Trace #1224],COMPLAINT,train
SENT_0136,Conducting integration testing across macOS Sonoma and Ubuntu Linux LTS virtual machine instances. [Log #279],NEUTRAL_NOISE,train
SENT_0137,Our engineering team has been deployed on the enterprise tier for approximately three fiscal quarters. [Log #206],NEUTRAL_NOISE,val
SENT_0138,Seamless integration with PostgreSQL and pgvector; worked right out of the box with zero runtime bugs. [Feedback #425],PRAISE,val
SENT_0139,Would love to see an automated daily export integration to Snowflake and Google BigQuery warehouses. [Feature Req #695],RECOMMENDATION,val
SENT_0140,"SAML SSO authentication repeatedly times out on Safari, trapping enterprise users in an infinite login redirect loop. [Trace #1314]",COMPLAINT,val
SENT_0141,Once I quit using my breakouts went away.,COMPLAINT,train
SENT_0142,Hands down the best REST API documentation and developer sandbox experience in the enterprise software space. [Feedback #392],PRAISE,val
SENT_0143,"I don’t really see a difference after one week, but I’ve enjoyed using it under my sunscreen.",NEUTRAL_NOISE,val
SENT_0144,Please add native support for OAuth 2.0 PKCE and multi-tenant Okta SSO in the next enterprise release. [Feature Req #717],RECOMMENDATION,train
SENT_0145,I only wish it came in jumbo size!,RECOMMENDATION,val
SENT_0146,"After trying this cleanser, I literally fell in love.",PRAISE,val
SENT_0147,The latest update v2.14 broke table pagination and silently wiped out our team's saved filtering presets. [Trace #1260],COMPLAINT,train
SENT_0148,What was crazy is that the parts of my skin that were not broken out looked really good.,COMPLAINT,train
SENT_0149,"The worst thing about this product, however, is the smell!",COMPLAINT,val
SENT_0150,Customer support answered our urgent ticket in under 4 minutes and hotfixed the permissions issue immediately. [Feedback #423],PRAISE,train
SENT_0151,Almost water like texture but seriously adds hydration!,NEUTRAL_NOISE,train
SENT_0152,It absorbs fast and leaves a hydration feeling.,PRAISE,val
SENT_0153,Audit log downloads truncate foreign unicode characters and corrupt Japanese and German customer records. [Trace #1179],COMPLAINT,train
SENT_0154,"My skin texture after applying was sticky as well, with a slight burning sensation that went away,  and I don’t like that sensation",COMPLAINT,train
SENT_0155,I feel Oily a few hours after usage.,COMPLAINT,train
SENT_0156,I do wish there was a spf in it...,RECOMMENDATION,train
SENT_0157,Customer support answered our urgent ticket in under 4 minutes and hotfixed the permissions issue immediately. [Feedback #399],PRAISE,val
SENT_0158,Have been using this for 5 days and my skin is absolutely glowing.,PRAISE,train
SENT_0159,"Five stars for performance; complex aggregation queries across 500,000 rows return in under 35 milliseconds. [Feedback #366]",PRAISE,train
SENT_0160,In love with this beautiful formula!,PRAISE,val
SENT_0161,"I’ve been using this moisturizer for well over a year and I didn’t realize until I decided to stop using it, that this was causing a lot of my acne.",NEUTRAL_NOISE,val
SENT_0162,It feels like greasy  sunscreen on your face.,COMPLAINT,val
SENT_0163,Push notification latency is unacceptable; alert webhooks take over 40 minutes to notify on-call engineers. [Trace #1165],COMPLAINT,val
SENT_0164,The default account settings were populated by our internal compliance administrator yesterday. [Log #260],NEUTRAL_NOISE,val
SENT_0165,Would love to see an automated daily export integration to Snowflake and Google BigQuery warehouses. [Feature Req #615],RECOMMENDATION,val
SENT_0166,The redesigned dashboard is super intuitive and saved our operations team over 10 hours every week. [Feedback #454],PRAISE,train
SENT_0167,"Experiencing a severe memory leak in the desktop background worker, consuming 4GB RAM after two hours. [Trace #1243]",COMPLAINT,train
SENT_0168,This is absolutely terrible.,COMPLAINT,train
SENT_0169,The migration from our legacy database was blazingly fast and completed with zero unplanned downtime. [Feedback #493],PRAISE,train
SENT_0170,"The web client crashes with an uncaught runtime error when exporting more than 10,000 records to CSV. [Trace #1121]",COMPLAINT,train
SENT_0171,"I put some on at night before bed, and my skin is always glowing in the morning.",PRAISE,train
SENT_0172,Our engineering team has been deployed on the enterprise tier for approximately three fiscal quarters. [Log #251],NEUTRAL_NOISE,train
SENT_0173,Conducting integration testing across macOS Sonoma and Ubuntu Linux LTS virtual machine instances. [Log #139],NEUTRAL_NOISE,val
SENT_0174,I hope you start stocking the old one again.,RECOMMENDATION,train
SENT_0175,"The web client crashes with an uncaught runtime error when exporting more than 10,000 records to CSV. [Trace #1325]",COMPLAINT,train
SENT_0176,My face was so smooth and there was a noticeable difference with my blackheads.,PRAISE,train
SENT_0177,Database synchronization deadlocks whenever two editors modify document access permissions simultaneously. [Trace #1346],COMPLAINT,train
SENT_0178,I can see a difference in them after using this product the last week.,NEUTRAL_NOISE,train
SENT_0179,"Five stars for performance; complex aggregation queries across 500,000 rows return in under 35 milliseconds. [Feedback #378]",PRAISE,train
SENT_0180,"Experiencing a severe memory leak in the desktop background worker, consuming 4GB RAM after two hours. [Trace #1279]",COMPLAINT,val
SENT_0181,"It completely leaves your skin refreshed, glowing and hydrated - which for a mask with AHA and BHA is amazing!",PRAISE,train
SENT_0182,Conducting integration testing across macOS Sonoma and Ubuntu Linux LTS virtual machine instances. [Log #119],NEUTRAL_NOISE,train
SENT_0183,Attachments larger than 15MB fail to upload with a cryptic network timeout error and no retry option. [Trace #1199],COMPLAINT,train
SENT_0184,I would recommend to anyone with normal to dry skin looking for a fair priced daily skincare routine.,NEUTRAL_NOISE,train
SENT_0185,"Yes, it’s very pricey but a little goes a very long way and it’s worth every penny, IMO.",PRAISE,train
SENT_0186,Our engineering team has been deployed on the enterprise tier for approximately three fiscal quarters. [Log #291],NEUTRAL_NOISE,train
SENT_0187,The migration from our legacy database was blazingly fast and completed with zero unplanned downtime. [Feedback #385],PRAISE,train
SENT_0188,Audit log downloads truncate foreign unicode characters and corrupt Japanese and German customer records. [Trace #1191],COMPLAINT,train
SENT_0189,Database synchronization deadlocks whenever two editors modify document access permissions simultaneously. [Trace #1226],COMPLAINT,val
SENT_0190,I really like this in one week my face was glowing.,PRAISE,train
SENT_0191,I think it was just too string and drying for my skin.,COMPLAINT,train
SENT_0192,Would love to see an automated daily export integration to Snowflake and Google BigQuery warehouses. [Feature Req #535],RECOMMENDATION,train
SENT_0193,"It didn’t play well with other skincare, pilled up, didn’t know it was this culprit and ended up returning something else before realizing it was this.",COMPLAINT,train
SENT_0194,"I ended up giving this to a friend who likes this product, but it was terrible for me and I would not purchase it again.",COMPLAINT,train
SENT_0195,I wish I had done a patch test first before trying this.,RECOMMENDATION,train
SENT_0196,Database synchronization deadlocks whenever two editors modify document access permissions simultaneously. [Trace #1106],COMPLAINT,train
SENT_0197,I received this product free from Influenster.,NEUTRAL_NOISE,train
SENT_0198,I am forever grateful the rep at Sephora recommended it and all of my friends are now in love too!,PRAISE,train
SENT_0199,It would be great if you allowed custom webhook request headers for HMAC signature verification. [Feature Req #702],RECOMMENDATION,train
SENT_0200,The organization renews our annual licensing agreement on the first business day of October. [Log #173],NEUTRAL_NOISE,train
SENT_0201,Wish it was alittle more affordable but I totally understand the price.,RECOMMENDATION,train
SENT_0202,I heard azelaic is very good for sensitive skin but I could not tolerate this without getting small whiteheads :( It did not reduce redness either.,COMPLAINT,val
SENT_0203,This water lock moisturizer from Tata Harper is so hydrating and amazing.,PRAISE,val
SENT_0204,I wish it had the same hook on the lid for the applicator that the day cream has.,RECOMMENDATION,train
SENT_0205,"The tightness leaves dents in the back of my hair, causes swelling to my eye bags, and leaves marks on my face and eyelids.",COMPLAINT,train
SENT_0206,Would love to see an automated daily export integration to Snowflake and Google BigQuery warehouses. [Feature Req #623],RECOMMENDATION,train
SENT_0207,The search bar returns 0 results for exact SKU matches when special punctuation or hyphens are present. [Trace #1336],COMPLAINT,train
SENT_0208,The automated billing module charged our card twice this cycle and failed to deliver an itemized PDF invoice. [Trace #1064],COMPLAINT,train
SENT_0209,Really wanted to love this because it’s EWG verified but broke out BAD after using and had to return.,COMPLAINT,train
SENT_0210,"Five stars for performance; complex aggregation queries across 500,000 rows return in under 35 milliseconds. [Feedback #492]",PRAISE,train
SENT_0211,"I knew it’d be a little greasy, but I was hoping it would be more hydrating.",COMPLAINT,val
SENT_0212,This cleanser is WAY too harsh and drying for sensitive skin.,COMPLAINT,train
SENT_0213,I have combination skin and have never had any breakout or reaction from products.,COMPLAINT,train
SENT_0214,The first night I used this I fell in LOVE.,PRAISE,train
SENT_0215,The default account settings were populated by our internal compliance administrator yesterday. [Log #115],NEUTRAL_NOISE,train
SENT_0216,The iOS mobile application completely freezes on the splash screen and fails to load offline dashboard cards. [Trace #1138],COMPLAINT,train
SENT_0217,I would love to purchase based on my positve experince.,RECOMMENDATION,train
SENT_0218,"I would definitely recommend this cream, I just wish Algenist would come up with a lighter version of this cream.",RECOMMENDATION,val
SENT_0219,The iOS mobile application completely freezes on the splash screen and fails to load offline dashboard cards. [Trace #1246],COMPLAINT,train
SENT_0220,It is very lightweight and has a gel like texture.,NEUTRAL_NOISE,train
SENT_0221,"As others have said, it pills terribly and leaves a patchy, clumpy mess of white flakes that crumbles off of my face the rest of the day.",COMPLAINT,train
SENT_0222,"Fell in love with it when I got a sample, have since purchased and used up the full size.",PRAISE,train
SENT_0223,"Experiencing a severe memory leak in the desktop background worker, consuming 4GB RAM after two hours. [Trace #1135]",COMPLAINT,val
SENT_0224,Conducting integration testing across macOS Sonoma and Ubuntu Linux LTS virtual machine instances. [Log #114],NEUTRAL_NOISE,train
SENT_0225,The default account settings were populated by our internal compliance administrator yesterday. [Log #235],NEUTRAL_NOISE,train
SENT_0226,"I try to eliminate plastic from my life whenever possible, so I do wish the bottle was glass.",RECOMMENDATION,train
SENT_0227,I was disappointed to have to return it but it didn’t feel moisturizing or hydrating when I tried it on my arms either.,COMPLAINT,train
SENT_0228,Hands down the best REST API documentation and developer sandbox experience in the enterprise software space. [Feedback #380],PRAISE,val
SENT_0229,I just wish they would release a moisturizer with SPF,RECOMMENDATION,train
SENT_0230,Conducting integration testing across macOS Sonoma and Ubuntu Linux LTS virtual machine instances. [Log #239],NEUTRAL_NOISE,train
SENT_0231,Works well if you really need something for dry lips but is oily and messy when the weather is warm.,COMPLAINT,train
SENT_0232,Seamless integration with PostgreSQL and pgvector; worked right out of the box with zero runtime bugs. [Feedback #401],PRAISE,train
SENT_0233,Wish there was a dark mode theme for the analytics dashboard to ease eye fatigue during night shifts. [Feature Req #648],RECOMMENDATION,train
SENT_0234,"Five stars for performance; complex aggregation queries across 500,000 rows return in under 35 milliseconds. [Feedback #510]",PRAISE,train
SENT_0235,"Soooo greasy, will never buy that again.",COMPLAINT,val
SENT_0236,The automated billing module charged our card twice this cycle and failed to deliver an itemized PDF invoice. [Trace #1028],COMPLAINT,train
SENT_0237,I’ve been using Absolue morning and night for almost two weeks.,NEUTRAL_NOISE,train
SENT_0238,Please add native support for OAuth 2.0 PKCE and multi-tenant Okta SSO in the next enterprise release. [Feature Req #501],RECOMMENDATION,train
SENT_0239,wish it was bigger!,RECOMMENDATION,train
SENT_0240,This over night repair is the Holy Grail’s of night time treatments!,PRAISE,train
SENT_0241,Could improve incident collaboration by adding bi-directional Slack and Microsoft Teams notification bots. [Feature Req #692],RECOMMENDATION,train
SENT_0242,it’s so moisturizing i wish it wasn’t so pricey,RECOMMENDATION,train
SENT_0243,It’s so easy and convenient to apply.,NEUTRAL_NOISE,train
SENT_0244,Should offer a granular role-based access control (RBAC) permission matrix for external auditors. [Feature Req #545],RECOMMENDATION,val
SENT_0245,"It’s very, very sticky and sits on the skin.",COMPLAINT,train
SENT_0246,"I received as a complimentary product, and I want to say it felt great but not totally impressed.",NEUTRAL_NOISE,train
SENT_0247,The organization renews our annual licensing agreement on the first business day of October. [Log #238],NEUTRAL_NOISE,train
SENT_0248,Just received this product.,NEUTRAL_NOISE,train
SENT_0249,Audit log downloads truncate foreign unicode characters and corrupt Japanese and German customer records. [Trace #1311],COMPLAINT,train
SENT_0250,"Webhooks silently fail with HTTP 500 internal server error during peak usage hours, causing irreversible data loss in Salesforce. [Trace #1005]",COMPLAINT,val
SENT_0251,"I know a little over one week isn’t enough to see full results, but all I saw was my breakouts.",COMPLAINT,train
SENT_0252,"Webhooks silently fail with HTTP 500 internal server error during peak usage hours, causing irreversible data loss in Salesforce. [Trace #1101]",COMPLAINT,train
SENT_0253,"This retinol did nothing for me, wish I understood the hype around it.",RECOMMENDATION,val
SENT_0254,It would be great if you allowed custom webhook request headers for HMAC signature verification. [Feature Req #574],RECOMMENDATION,train
SENT_0255,The automated billing module charged our card twice this cycle and failed to deliver an itemized PDF invoice. [Trace #1076],COMPLAINT,train
SENT_0256,"I wish they sold it in slightly larger packaging since it doesn’t last as long as the serums in the dropper bottles, but it’s more than worth the price and I will continue to repurchase.",RECOMMENDATION,train
SENT_0257,Skin is clearer glowing and it lathers well!,PRAISE,train
SENT_0258,The organization renews our annual licensing agreement on the first business day of October. [Log #198],NEUTRAL_NOISE,train
SENT_0259,"SAML SSO authentication repeatedly times out on Safari, trapping enterprise users in an infinite login redirect loop. [Trace #1266]",COMPLAINT,val
SENT_0260,definitely not enough moisture (oily skin)..,COMPLAINT,val
SENT_0261,We configured the staging environment following the recommended infrastructure setup documentation. [Log #212],NEUTRAL_NOISE,train
SENT_0262,"This may be good for very oily skin, but I won’t be finishing my tube.",COMPLAINT,train
SENT_0263,Wish there was a dark mode theme for the analytics dashboard to ease eye fatigue during night shifts. [Feature Req #688],RECOMMENDATION,train
SENT_0264,Database synchronization deadlocks whenever two editors modify document access permissions simultaneously. [Trace #1034],COMPLAINT,val
SENT_0265,Should offer a granular role-based access control (RBAC) permission matrix for external auditors. [Feature Req #713],RECOMMENDATION,train
SENT_0266,I originally purchased the mini version to see if I would like it.,RECOMMENDATION,train
SENT_0267,"All I know is it leaves a sticky, tacky film.",COMPLAINT,train
SENT_0268,I’m so disappointed by this.,COMPLAINT,val
SENT_0269,The iOS mobile application completely freezes on the splash screen and fails to load offline dashboard cards. [Trace #1054],COMPLAINT,train
SENT_0270,It would be helpful if the filter drawer remembered active column visibility across different browser sessions. [Feature Req #515],RECOMMENDATION,train
SENT_0271,We configured the staging environment following the recommended infrastructure setup documentation. [Log #267],NEUTRAL_NOISE,train
SENT_0272,because I would love to find that holy grail face cleanser!,RECOMMENDATION,train
SENT_0273,Hands down the best REST API documentation and developer sandbox experience in the enterprise software space. [Feedback #350],PRAISE,train
SENT_0274,Our engineering team has been deployed on the enterprise tier for approximately three fiscal quarters. [Log #266],NEUTRAL_NOISE,val
SENT_0275,The organization renews our annual licensing agreement on the first business day of October. [Log #263],NEUTRAL_NOISE,train
SENT_0276,"It is so smooth and natural, smells and tastes great!!",PRAISE,val
SENT_0277,"Being I already use Charlotte Tilbury foundation and love it, I figured I would love this product as well.",RECOMMENDATION,train
SENT_0278,Feature request: please consider adding bulk user provisioning and deprovisioning via SCIM API endpoints. [Feature Req #642],RECOMMENDATION,val
SENT_0279,This product is SO greasy.,COMPLAINT,val
SENT_0280,Our engineering team has been deployed on the enterprise tier for approximately three fiscal quarters. [Log #231],NEUTRAL_NOISE,train
SENT_0281,Wish there was a dark mode theme for the analytics dashboard to ease eye fatigue during night shifts. [Feature Req #616],RECOMMENDATION,train
SENT_0282,10/10 Recommend #freeproduct #tryitwithtopbox,PRAISE,train
SENT_0283,Could improve incident collaboration by adding bi-directional Slack and Microsoft Teams notification bots. [Feature Req #532],RECOMMENDATION,train
SENT_0284,"SAML SSO authentication repeatedly times out on Safari, trapping enterprise users in an infinite login redirect loop. [Trace #1302]",COMPLAINT,train
SENT_0285,"I personally haven’t broken out using this cream, but I know many people with oily skin have this problem.",COMPLAINT,train
SENT_0286,I was very disappointed in this eye cream.,COMPLAINT,train
SENT_0287,The redesigned dashboard is super intuitive and saved our operations team over 10 hours every week. [Feedback #436],PRAISE,train
SENT_0288,"However, everytime I use it, I breakout.",COMPLAINT,train
SENT_0289,"I tried this for a few days, but I just cannot get past the terrible smell.",COMPLAINT,train
SENT_0290,Audit log downloads truncate foreign unicode characters and corrupt Japanese and German customer records. [Trace #1275],COMPLAINT,train
SENT_0291,The migration from our legacy database was blazingly fast and completed with zero unplanned downtime. [Feedback #319],PRAISE,val
SENT_0292,Wish there was a dark mode theme for the analytics dashboard to ease eye fatigue during night shifts. [Feature Req #584],RECOMMENDATION,train
SENT_0293,Hands down the best REST API documentation and developer sandbox experience in the enterprise software space. [Feedback #338],PRAISE,train
SENT_0294,I am in love with this stuff!!,PRAISE,train
SENT_0295,They are too heavy for my sensitive skin and tend to sit on my skin and make me oily.,COMPLAINT,train
SENT_0296,"Within 2 weeks of use, I had irritated and burning areas beneath by eyes and in the crow feet area.",COMPLAINT,train
SENT_0297,The migration from our legacy database was blazingly fast and completed with zero unplanned downtime. [Feedback #445],PRAISE,train
SENT_0298,We configured the staging environment following the recommended infrastructure setup documentation. [Log #132],NEUTRAL_NOISE,train
SENT_0299,I wish they made this in a smaller size because it’s so wonderful.,RECOMMENDATION,train
SENT_0300,It feels so hydrating and cooling to the skin!,PRAISE,train
SENT_0301,I would use it for medium to oily skin.,COMPLAINT,train
SENT_0302,We configured the staging environment following the recommended infrastructure setup documentation. [Log #217],NEUTRAL_NOISE,train
SENT_0303,Please add native support for OAuth 2.0 PKCE and multi-tenant Okta SSO in the next enterprise release. [Feature Req #565],RECOMMENDATION,train
SENT_0304,This product makes my skon feel so smooth.,PRAISE,train
SENT_0305,The default account settings were populated by our internal compliance administrator yesterday. [Log #220],NEUTRAL_NOISE,train
SENT_0306,The iOS mobile application completely freezes on the splash screen and fails to load offline dashboard cards. [Trace #1174],COMPLAINT,train
SENT_0307,The latest update v2.14 broke table pagination and silently wiped out our team's saved filtering presets. [Trace #1320],COMPLAINT,train
SENT_0308,The product is good but the package is little.,NEUTRAL_NOISE,train
SENT_0309,It definitely goes on sheer and doesn’t feel particularly greasy.,COMPLAINT,train
SENT_0310,The latest update v2.14 broke table pagination and silently wiped out our team's saved filtering presets. [Trace #1092],COMPLAINT,train
SENT_0311,Seamless integration with PostgreSQL and pgvector; worked right out of the box with zero runtime bugs. [Feedback #341],PRAISE,train
SENT_0312,"SAML SSO authentication repeatedly times out on Safari, trapping enterprise users in an infinite login redirect loop. [Trace #1230]",COMPLAINT,train
SENT_0313,Pricey but somehow became a must in my nighttime routine.,NEUTRAL_NOISE,train
SENT_0314,"The web client crashes with an uncaught runtime error when exporting more than 10,000 records to CSV. [Trace #1085]",COMPLAINT,train
SENT_0315,:( I also wish they carried the travel size option on products like they do on the paula’s choice website,RECOMMENDATION,train
SENT_0316,Please add native support for OAuth 2.0 PKCE and multi-tenant Okta SSO in the next enterprise release. [Feature Req #701],RECOMMENDATION,train
SENT_0317,It would be great if you allowed custom webhook request headers for HMAC signature verification. [Feature Req #718],RECOMMENDATION,train
SENT_0318,Our engineering team has been deployed on the enterprise tier for approximately three fiscal quarters. [Log #111],NEUTRAL_NOISE,train
SENT_0319,Could improve incident collaboration by adding bi-directional Slack and Microsoft Teams notification bots. [Feature Req #724],RECOMMENDATION,train
SENT_0320,"But after a week of use, my skin was still dry and flakey, I broke out, and also when I would first initially apply the product it burned and irritated my skin so much but I believed in it so much I looked past that.",COMPLAINT,val
SENT_0321,The redesigned dashboard is super intuitive and saved our operations team over 10 hours every week. [Feedback #412],PRAISE,train
SENT_0322,The rash came back almost instantly.,COMPLAINT,val
SENT_0323,ladt time i got it from amazon and it was same no signature and smelled horrible ..so i decided yo purchase from sefora but again its the same .,COMPLAINT,val
SENT_0324,"I can’t imagine not using this, in fear that my face will flare up again.",NEUTRAL_NOISE,train
SENT_0325,I wish there was a half star option bc I would give it a three and a half.,RECOMMENDATION,train
SENT_0326,The default account settings were populated by our internal compliance administrator yesterday. [Log #225],NEUTRAL_NOISE,train
SENT_0327,I love how this sunscreen glides across my face & moisturizes my skin before a day out in the sun!,PRAISE,train
SENT_0328,Hands down the best REST API documentation and developer sandbox experience in the enterprise software space. [Feedback #344],PRAISE,train
SENT_0329,"Last really long too, 10/10 recommend!!",PRAISE,train
SENT_0330,"I didn’t think I would like this, but Rosacea scrips are expensive, so I decided to give it a try.",RECOMMENDATION,train
SENT_0331,10/10 will recommend and buy again,PRAISE,train
SENT_0332,Please add native support for OAuth 2.0 PKCE and multi-tenant Okta SSO in the next enterprise release. [Feature Req #669],RECOMMENDATION,train
SENT_0333,Im running out and wish they would send me a free one :(,RECOMMENDATION,train
SENT_0334,"Not sure what it was in this, maybe the zinc, but it broke me out all over my face, which stopped when I stopped using this product.",COMPLAINT,train
SENT_0335,"Five stars for performance; complex aggregation queries across 500,000 rows return in under 35 milliseconds. [Feedback #462]",PRAISE,train
SENT_0336,The only thing I wish they would improve is the cosistency because I found it slightly difficult to apply as it was so runny and sometimes ran through/between my fingers.,RECOMMENDATION,train
SENT_0337,"Really wanted to love this moisturizer, I heard such great things about Tatcha but unfortunately this made me breakout like crazy.",COMPLAINT,train
SENT_0338,Push notification latency is unacceptable; alert webhooks take over 40 minutes to notify on-call engineers. [Trace #1117],COMPLAINT,val
SENT_0339,"Five stars for performance; complex aggregation queries across 500,000 rows return in under 35 milliseconds. [Feedback #480]",PRAISE,train
SENT_0340,Wish there was a dark mode theme for the analytics dashboard to ease eye fatigue during night shifts. [Feature Req #576],RECOMMENDATION,train
SENT_0341,At the first place I hated the smell it was like a fake smell of orange and it was too much!!,COMPLAINT,train
SENT_0342,Conducting integration testing across macOS Sonoma and Ubuntu Linux LTS virtual machine instances. [Log #204],NEUTRAL_NOISE,train
SENT_0343,It’s become a staple in my beauty routine and I love it!,NEUTRAL_NOISE,val
SENT_0344,"My only complaint is the amount of product in the bottle, I wish there was more product.",RECOMMENDATION,train
SENT_0345,Hands down the best REST API documentation and developer sandbox experience in the enterprise software space. [Feedback #326],PRAISE,train
SENT_0346,I didn’t put 5 stars because I wish it was a little bit bigger for the price.,RECOMMENDATION,train
SENT_0347,The organization renews our annual licensing agreement on the first business day of October. [Log #233],NEUTRAL_NOISE,train
SENT_0348,Please add native support for OAuth 2.0 PKCE and multi-tenant Okta SSO in the next enterprise release. [Feature Req #661],RECOMMENDATION,train
SENT_0349,If you can afford buying a full size bottle of this every month then I would recommend it just to try.,NEUTRAL_NOISE,train
SENT_0350,Worst stuff I have ever tried on here.,COMPLAINT,train
SENT_0351,I wish the mint was stronger so it could cover up the taste of the greens.,RECOMMENDATION,train
SENT_0352,It would be helpful if the filter drawer remembered active column visibility across different browser sessions. [Feature Req #563],RECOMMENDATION,train
SENT_0353,"Five stars for performance; complex aggregation queries across 500,000 rows return in under 35 milliseconds. [Feedback #336]",PRAISE,train
SENT_0354,"I switched back to Skinfix and Cerave, the rash is now healing.",COMPLAINT,train
SENT_0355,I’m honestly in love with this cleanser.,PRAISE,train
SENT_0356,The redesigned dashboard is super intuitive and saved our operations team over 10 hours every week. [Feedback #520],PRAISE,train
SENT_0357,Customer support answered our urgent ticket in under 4 minutes and hotfixed the permissions issue immediately. [Feedback #471],PRAISE,train
SENT_0358,Should offer a granular role-based access control (RBAC) permission matrix for external auditors. [Feature Req #529],RECOMMENDATION,train
SENT_0359,The iOS mobile application completely freezes on the splash screen and fails to load offline dashboard cards. [Trace #1186],COMPLAINT,val
SENT_0360,I do wish there was an SPF in the moisturizer though.,RECOMMENDATION,train
SENT_0361,I also accidentally touched my face then my eyes and oh my god it burned so bad… and the smell was awful!,COMPLAINT,val
SENT_0362,"It is creamy and goes on so smooth, I have used this product for about 2 weeks and I can already feel and see a difference.",PRAISE,train
SENT_0363,I have had my skin under control with minimal breakouts (other than that glorious time of the month) for a few years now.,COMPLAINT,train
SENT_0364,I love how gorgeous this roller is.,PRAISE,train
SENT_0365,I just wish the zinc oxide is higher.,RECOMMENDATION,val
SENT_0366,The migration from our legacy database was blazingly fast and completed with zero unplanned downtime. [Feedback #439],PRAISE,train
SENT_0367,"This did not work for me, made my eyes burn and wouldn’t absorb into my under eyes, it would just sit there looking greasy..",COMPLAINT,train
SENT_0368,"Webhooks silently fail with HTTP 500 internal server error during peak usage hours, causing irreversible data loss in Salesforce. [Trace #1197]",COMPLAINT,val
SENT_0369,It does what it says it’s going to do but my skin is left feeling oily almost with a sticky sensation and unclean.,COMPLAINT,train
SENT_0370,It would be great if you allowed custom webhook request headers for HMAC signature verification. [Feature Req #694],RECOMMENDATION,train
SENT_0371,Conducting integration testing across macOS Sonoma and Ubuntu Linux LTS virtual machine instances. [Log #104],NEUTRAL_NOISE,train
SENT_0372,MannyMau recommended his product on his channel so I decided to try it since it’s supposed to hydrate and calm redness.,COMPLAINT,train
SENT_0373,The migration from our legacy database was blazingly fast and completed with zero unplanned downtime. [Feedback #463],PRAISE,train
SENT_0374,"Five stars for performance; complex aggregation queries across 500,000 rows return in under 35 milliseconds. [Feedback #318]",PRAISE,train
SENT_0375,Feature request: please consider adding bulk user provisioning and deprovisioning via SCIM API endpoints. [Feature Req #714],RECOMMENDATION,train
SENT_0376,"I just wish the bottle was a little larger for the price, there are some places online to purchase argan oil for much less.",RECOMMENDATION,train
SENT_0377,Hands down the best REST API documentation and developer sandbox experience in the enterprise software space. [Feedback #482],PRAISE,val
SENT_0378,The organization renews our annual licensing agreement on the first business day of October. [Log #213],NEUTRAL_NOISE,train
SENT_0379,Would love to see an automated daily export integration to Snowflake and Google BigQuery warehouses. [Feature Req #591],RECOMMENDATION,val
SENT_0380,It would be helpful if the filter drawer remembered active column visibility across different browser sessions. [Feature Req #611],RECOMMENDATION,train
SENT_0381,I stthave two blemishes that it’s not getting rid of despite using toner and treatments.,NEUTRAL_NOISE,train
SENT_0382,I just wish there was more product in each bottle because it’s a bit pricey.,RECOMMENDATION,train
SENT_0383,The redesigned dashboard is super intuitive and saved our operations team over 10 hours every week. [Feedback #400],PRAISE,train
SENT_0384,Wish there was a dark mode theme for the analytics dashboard to ease eye fatigue during night shifts. [Feature Req #600],RECOMMENDATION,train
SENT_0385,It’s light and I am glowing.,PRAISE,train
SENT_0386,"This happens, I wish I knew which ingredients do this to me.",RECOMMENDATION,train
SENT_0387,It would be great if you allowed custom webhook request headers for HMAC signature verification. [Feature Req #582],RECOMMENDATION,train
SENT_0388,I usually layer this with my Chanel microserum on top (just for hydration purposes) before bed and the next morning my skin is legitimately glowing and much smoother than before!,PRAISE,train
SENT_0389,Should offer a granular role-based access control (RBAC) permission matrix for external auditors. [Feature Req #681],RECOMMENDATION,train
SENT_0390,The redesigned dashboard is super intuitive and saved our operations team over 10 hours every week. [Feedback #508],PRAISE,train
SENT_0391,"Five stars for performance; complex aggregation queries across 500,000 rows return in under 35 milliseconds. [Feedback #384]",PRAISE,train
SENT_0392,I really hope they change the packaging and let us know because I probably won’t repurchase until they do.,RECOMMENDATION,train
SENT_0393,The smell alone is enough to fall in love with this serum.,PRAISE,train
SENT_0394,I do wish that it had some SPF in it.,RECOMMENDATION,train
SENT_0395,I received this free in my Influenster Fall Favs VoxBox!,NEUTRAL_NOISE,train
SENT_0396,Push notification latency is unacceptable; alert webhooks take over 40 minutes to notify on-call engineers. [Trace #1285],COMPLAINT,train
SENT_0397,Customer support answered our urgent ticket in under 4 minutes and hotfixed the permissions issue immediately. [Feedback #465],PRAISE,train
SENT_0398,"I’ll admit that my skin looked great and moisturized when I used this however, this gave me really bad breakouts which went away/stopped after discontinuing.",COMPLAINT,train
SENT_0399,I had a choice between this one and another one while in store and I wish I had chosen the other one.,RECOMMENDATION,train
SENT_0400,I would recommend getting a sample and see if it works in your routine before investing in the big bottle.,NEUTRAL_NOISE,train
SENT_0401,It didn’t really do much for my skin and I hated the old lady smell.,COMPLAINT,train
SENT_0402,"After a day of using the cream, I was able to use only about a dime size amount that covered my face completely!",NEUTRAL_NOISE,train
SENT_0403,I’m in love with this eye cream.,PRAISE,train
SENT_0404,I have sensitive skin and didn’t have an issue with this but I do wish it was a more gentle exfoliant.,RECOMMENDATION,train
SENT_0405,"SAML SSO authentication repeatedly times out on Safari, trapping enterprise users in an infinite login redirect loop. [Trace #1086]",COMPLAINT,train
SENT_0406,Conducting integration testing across macOS Sonoma and Ubuntu Linux LTS virtual machine instances. [Log #299],NEUTRAL_NOISE,train
SENT_0407,Wish I would have had them in high school!,RECOMMENDATION,train
SENT_0408,Audit log downloads truncate foreign unicode characters and corrupt Japanese and German customer records. [Trace #1023],COMPLAINT,train
SENT_0409,"The web client crashes with an uncaught runtime error when exporting more than 10,000 records to CSV. [Trace #1241]",COMPLAINT,train
SENT_0410,"After the first day, I noticed my skin was soft and glowing.",PRAISE,val
SENT_0411,"It left my skin glowing, feet and refreshed!",PRAISE,train
SENT_0412,The migration from our legacy database was blazingly fast and completed with zero unplanned downtime. [Feedback #487],PRAISE,train
SENT_0413,This is a great scrub..I use it every morning!!,NEUTRAL_NOISE,train
SENT_0414,It felt/looked like I had gotten a terrible sunburn.,COMPLAINT,train
SENT_0415,It would be great if you allowed custom webhook request headers for HMAC signature verification. [Feature Req #558],RECOMMENDATION,train
SENT_0416,After doing a little bit of research it seems like essential oils are horrible for your skin and shouldn’t be in skincare.,COMPLAINT,train
SENT_0417,Also felt greasy and never absorbed completely.,COMPLAINT,val
SENT_0418,"It might be better for someone with normal to oily skin, im more on the dry side.",COMPLAINT,val
SENT_0419,The redesigned dashboard is super intuitive and saved our operations team over 10 hours every week. [Feedback #514],PRAISE,train
SENT_0420,The bottle is so pretty and I love how the product looks in the bottle.,PRAISE,train
SENT_0421,I didn’t feel like this made me “dewy” in a good way but actually quite oily/greasy.,COMPLAINT,train
SENT_0422,It would be great if you allowed custom webhook request headers for HMAC signature verification. [Feature Req #510],RECOMMENDATION,train
SENT_0423,My skin is not tight and it’s so smooth.,PRAISE,train
SENT_0424,It would be great if you allowed custom webhook request headers for HMAC signature verification. [Feature Req #542],RECOMMENDATION,train
SENT_0425,Our engineering team has been deployed on the enterprise tier for approximately three fiscal quarters. [Log #101],NEUTRAL_NOISE,train
SENT_0426,"Experiencing a severe memory leak in the desktop background worker, consuming 4GB RAM after two hours. [Trace #1315]",COMPLAINT,train
SENT_0427,The automated billing module charged our card twice this cycle and failed to deliver an itemized PDF invoice. [Trace #1112],COMPLAINT,val
SENT_0428,Attachments larger than 15MB fail to upload with a cryptic network timeout error and no retry option. [Trace #1007],COMPLAINT,train
SENT_0429,"Experiencing a severe memory leak in the desktop background worker, consuming 4GB RAM after two hours. [Trace #1327]",COMPLAINT,train
SENT_0430,My one complaint is I wish it had more product in the tube.,RECOMMENDATION,train
SENT_0431,Please add native support for OAuth 2.0 PKCE and multi-tenant Okta SSO in the next enterprise release. [Feature Req #709],RECOMMENDATION,train
SENT_0432,The iOS mobile application completely freezes on the splash screen and fails to load offline dashboard cards. [Trace #1294],COMPLAINT,train
SENT_0433,I’ve been using this for two weeks at night every single day and my skin is so smooth and pimples are nowhere to be found.,PRAISE,train
SENT_0434,The organization renews our annual licensing agreement on the first business day of October. [Log #258],NEUTRAL_NOISE,train
SENT_0435,We configured the staging environment following the recommended infrastructure setup documentation. [Log #277],NEUTRAL_NOISE,val
SENT_0436,"The web client crashes with an uncaught runtime error when exporting more than 10,000 records to CSV. [Trace #1133]",COMPLAINT,train
SENT_0437,"While I haven’t noticed a significant change yet in my dark spots, it has definitely helped with the texture issues I was having.",NEUTRAL_NOISE,train
SENT_0438,"Overall you won’t regret this purchase, wish I could give it 10 stars!!",RECOMMENDATION,train
SENT_0439,It would be great if you allowed custom webhook request headers for HMAC signature verification. [Feature Req #662],RECOMMENDATION,train
SENT_0440,"This is extremely rich cream, and absorbs a bit slower than i would like, but it does leave my skin feeling perfect (and non greasy) in cold winter months.",RECOMMENDATION,train
SENT_0441,"Packaging design is horrible, a lot of product goes to waste as it is always oozing out as soon as I open it.Using as directed daily so far for over 6 weeks, no visible improvement.",COMPLAINT,val
SENT_0442,Feature request: please consider adding bulk user provisioning and deprovisioning via SCIM API endpoints. [Feature Req #586],RECOMMENDATION,train
SENT_0443,definitely worth every penny.,PRAISE,train
SENT_0444,Could improve incident collaboration by adding bi-directional Slack and Microsoft Teams notification bots. [Feature Req #644],RECOMMENDATION,train
SENT_0445,I am in love with this cleansing oil.,PRAISE,train
SENT_0446,I’m going to continue using it and hopefully it’ll start to lighten my dark spots more.,NEUTRAL_NOISE,train
SENT_0447,Would love to see an automated daily export integration to Snowflake and Google BigQuery warehouses. [Feature Req #583],RECOMMENDATION,train
SENT_0448,It is worth every penny!!!,PRAISE,train
SENT_0449,Attachments larger than 15MB fail to upload with a cryptic network timeout error and no retry option. [Trace #1259],COMPLAINT,train
SENT_0450,"I had a few closed comedones and clogged pores that I’ve been struggling to get rid of and had hoped this would help but no luck at all - no change in pores, acne or small wrinkles.",COMPLAINT,val
SENT_0451,Could improve incident collaboration by adding bi-directional Slack and Microsoft Teams notification bots. [Feature Req #508],RECOMMENDATION,train
SENT_0452,It’s greasy as well.,COMPLAINT,val
SENT_0453,The iOS mobile application completely freezes on the splash screen and fails to load offline dashboard cards. [Trace #1222],COMPLAINT,train
SENT_0454,The default account settings were populated by our internal compliance administrator yesterday. [Log #170],NEUTRAL_NOISE,train
SENT_0455,"Five stars for performance; complex aggregation queries across 500,000 rows return in under 35 milliseconds. [Feedback #348]",PRAISE,train
SENT_0456,"That said, the smell of this product is rancid.",COMPLAINT,train
SENT_0457,Customer support answered our urgent ticket in under 4 minutes and hotfixed the permissions issue immediately. [Feedback #495],PRAISE,train
SENT_0458,Would love to see an automated daily export integration to Snowflake and Google BigQuery warehouses. [Feature Req #687],RECOMMENDATION,train
SENT_0459,I only wish they dropper because too much of the product comes out at once when you squeeze the bottle so it’s running out quickly.,RECOMMENDATION,train
SENT_0460,Instead I broke out horribly with it.,COMPLAINT,train
SENT_0461,I just wish it had a scent.,RECOMMENDATION,train
SENT_0462,I love how it applies.,PRAISE,train
SENT_0463,"SAML SSO authentication repeatedly times out on Safari, trapping enterprise users in an infinite login redirect loop. [Trace #1014]",COMPLAINT,train
SENT_0464,"I got the free sample, I wish the full version wasn’t so over priced so I could use it more",RECOMMENDATION,train
SENT_0465,"I have combination skin that tends to be on the oily side, I’m also allergic to silicones and fragrance.",COMPLAINT,train
SENT_0466,Was really disappointed in that.,COMPLAINT,train
SENT_0467,It tingles a little and when I wake up in the morning my skin looks very hydrated.,NEUTRAL_NOISE,train
SENT_0468,This was the worst mask I’ve ever used and I’m a mask junkie.,COMPLAINT,val
SENT_0469,My skin looks refreshed and plump the next morning.,NEUTRAL_NOISE,train
SENT_0470,"However, I am not too sure sure if I would like this in the summer because it is somewhat oily.",RECOMMENDATION,val
SENT_0471,Just in love with this product,PRAISE,train
SENT_0472,I received this product complimentary from Influenster and it’s so nice!,NEUTRAL_NOISE,train
SENT_0473,Push notification latency is unacceptable; alert webhooks take over 40 minutes to notify on-call engineers. [Trace #1273],COMPLAINT,train
SENT_0474,"Five stars for performance; complex aggregation queries across 500,000 rows return in under 35 milliseconds. [Feedback #402]",PRAISE,train
SENT_0475,Scent: Scents tend to make me itchy but this scent was very mild- I just would like to know what ingredients entail “fragrance.”  It dissipates quickly.,RECOMMENDATION,train
SENT_0476,I am in love with this product!,PRAISE,train
SENT_0477,"i only wish it had a stronger watermelon scent like the rest of their watermelon line, but hey at least it doesnt have that gross sunscreen smell we all love to hate!",RECOMMENDATION,train
SENT_0478,I was so excited to try this product and was disappointed.,COMPLAINT,train
SENT_0479,It would be great if you allowed custom webhook request headers for HMAC signature verification. [Feature Req #622],RECOMMENDATION,val
SENT_0480,The default account settings were populated by our internal compliance administrator yesterday. [Log #130],NEUTRAL_NOISE,train
SENT_0481,Please add native support for OAuth 2.0 PKCE and multi-tenant Okta SSO in the next enterprise release. [Feature Req #605],RECOMMENDATION,train
SENT_0482,"Sometimes when i put it on, it feels like an allergic reaction tingly type feeling, but other times it doesn’t happen.",COMPLAINT,val
SENT_0483,I kind of wish it didn’t so I can reapply it more often bc it smells like watermelon bubble gum (without being so obnoxious) I’m going to buy multiples to leave in my car my desk my bfs car.,RECOMMENDATION,train
SENT_0484,Wish there was a dark mode theme for the analytics dashboard to ease eye fatigue during night shifts. [Feature Req #536],RECOMMENDATION,train
SENT_0485,The latest update v2.14 broke table pagination and silently wiped out our team's saved filtering presets. [Trace #1308],COMPLAINT,val
SENT_0486,My skin feels so baby soft and supple as soon as I put it on and I wake up glowing the next morning.,PRAISE,train
SENT_0487,I got a sample of this and it was oddly drying (and I have oily skin!).,COMPLAINT,train
SENT_0488,"Anyways, I’ve successfully lightened my hyperpigmented areas with 2-3% OTC hydroquinone in the past, but I think using that has made my melasma more stubborn to fading long-term.",NEUTRAL_NOISE,train
SENT_0489,Love the product but would prefer a more luxurious packaging for the price definitely has changed the texture of my skin,RECOMMENDATION,train
SENT_0490,Could improve incident collaboration by adding bi-directional Slack and Microsoft Teams notification bots. [Feature Req #716],RECOMMENDATION,train
SENT_0491,One thing I would like to see improved is the clarity of the directions on both the box and the bottle.,RECOMMENDATION,train
SENT_0492,The default account settings were populated by our internal compliance administrator yesterday. [Log #175],NEUTRAL_NOISE,train
SENT_0493,Now all i use is my makeup eraser cloth to remove my makeup which only needs to be wet with water alone!,RECOMMENDATION,train
SENT_0494,Love how the oil has a nice light scent too!,PRAISE,train
SENT_0495,Ever since i started using Dr Murad products i fell in love with it.,PRAISE,train
SENT_0496,It would be helpful if the filter drawer remembered active column visibility across different browser sessions. [Feature Req #507],RECOMMENDATION,train
SENT_0497,Wish I had known about this mask before!,RECOMMENDATION,train
SENT_0498,The redesigned dashboard is super intuitive and saved our operations team over 10 hours every week. [Feedback #340],PRAISE,train
SENT_0499,Then you massage on your face for amazing results.,PRAISE,train
SENT_0500,Hands down the best REST API documentation and developer sandbox experience in the enterprise software space. [Feedback #464],PRAISE,train
SENT_0501,I truly didn’t think I would like this as much as I did.,RECOMMENDATION,val
SENT_0502,I received this product free from influencer and exchange for my honest feedback back.,NEUTRAL_NOISE,train
SENT_0503,Could improve incident collaboration by adding bi-directional Slack and Microsoft Teams notification bots. [Feature Req #540],RECOMMENDATION,train
SENT_0504,Customer support answered our urgent ticket in under 4 minutes and hotfixed the permissions issue immediately. [Feedback #333],PRAISE,train
SENT_0505,The default account settings were populated by our internal compliance administrator yesterday. [Log #240],NEUTRAL_NOISE,train
SENT_0506,Wish there was a dark mode theme for the analytics dashboard to ease eye fatigue during night shifts. [Feature Req #632],RECOMMENDATION,train
SENT_0507,I now have a rash allll over my face and neck.,COMPLAINT,train
SENT_0508,Our engineering team has been deployed on the enterprise tier for approximately three fiscal quarters. [Log #241],NEUTRAL_NOISE,train
SENT_0509,"Webhooks silently fail with HTTP 500 internal server error during peak usage hours, causing irreversible data loss in Salesforce. [Trace #1161]",COMPLAINT,val
SENT_0510,Caused multiple blackheads and deep cystic acne- which is usually a one-two zit problem during my cycle.,COMPLAINT,train
SENT_0511,This caused breakouts & irritated skin around my eyes.,COMPLAINT,train
SENT_0512,I think it would be great for summer time or if you have extra oily skin.,RECOMMENDATION,train
SENT_0513,Would love to see an automated daily export integration to Snowflake and Google BigQuery warehouses. [Feature Req #607],RECOMMENDATION,train
SENT_0514,We configured the staging environment following the recommended infrastructure setup documentation. [Log #177],NEUTRAL_NOISE,train
SENT_0515,Seamless integration with PostgreSQL and pgvector; worked right out of the box with zero runtime bugs. [Feedback #377],PRAISE,train
SENT_0516,Personally I don’t see myself using this too much because of how strong the fragrance is but if that doesn’t bother you and you are looking for a high end illuminating primer then this isn’t bad one.,NEUTRAL_NOISE,train
SENT_0517,The smell is also horrible.,COMPLAINT,train
SENT_0518,Could improve incident collaboration by adding bi-directional Slack and Microsoft Teams notification bots. [Feature Req #700],RECOMMENDATION,val
SENT_0519,Audit log downloads truncate foreign unicode characters and corrupt Japanese and German customer records. [Trace #1035],COMPLAINT,train
SENT_0520,The migration from our legacy database was blazingly fast and completed with zero unplanned downtime. [Feedback #469],PRAISE,train
SENT_0521,I would give it 5/5 stars but just wish it wasn’t as expensive as it is.,RECOMMENDATION,train
SENT_0522,Seamless integration with PostgreSQL and pgvector; worked right out of the box with zero runtime bugs. [Feedback #395],PRAISE,val
SENT_0523,"Absolutely love this product, I received this as a free sample for testing purposes & I fell in love.",PRAISE,val
SENT_0524,I first got this product as a trial and I tried it for the first time and I absolutely loved the effects left my skin clear and glowing.,PRAISE,train
SENT_0525,I love how it works on my skin!,PRAISE,train
SENT_0526,I wish that it had more of an impact on my breakouts.,RECOMMENDATION,train
SENT_0527,I have combination skin and it broke me out so bad.,COMPLAINT,train
SENT_0528,It does have a thicker consistency so a little bit does go a long way.,NEUTRAL_NOISE,val
SENT_0529,The search bar returns 0 results for exact SKU matches when special punctuation or hyphens are present. [Trace #1252],COMPLAINT,val
SENT_0530,"Webhooks silently fail with HTTP 500 internal server error during peak usage hours, causing irreversible data loss in Salesforce. [Trace #1053]",COMPLAINT,val
SENT_0531,Conducting integration testing across macOS Sonoma and Ubuntu Linux LTS virtual machine instances. [Log #224],NEUTRAL_NOISE,train
SENT_0532,This gel maybe be better for those with oily skin that don’t need heavy creams.,COMPLAINT,train
SENT_0533,It’s so smooth to the skin and i wake up feeling fresh,PRAISE,train
SENT_0534,The very first time I used it even my spouse commented on the soft smooth texture.,NEUTRAL_NOISE,train
SENT_0535,The default account settings were populated by our internal compliance administrator yesterday. [Log #280],NEUTRAL_NOISE,train
SENT_0536,It would be helpful if the filter drawer remembered active column visibility across different browser sessions. [Feature Req #723],RECOMMENDATION,train
SENT_0537,I’m also very nervous about taking the bottle with me any where.,NEUTRAL_NOISE,train
SENT_0538,"However, I wish for the price you got more.",RECOMMENDATION,train
SENT_0539,The organization renews our annual licensing agreement on the first business day of October. [Log #278],NEUTRAL_NOISE,train
SENT_0540,Ruined the contents of my purse by taking this with me so I could reapply and it leaked all over my belongings.,COMPLAINT,train
SENT_0541,"Experiencing a severe memory leak in the desktop background worker, consuming 4GB RAM after two hours. [Trace #1207]",COMPLAINT,val
SENT_0542,The latest update v2.14 broke table pagination and silently wiped out our team's saved filtering presets. [Trace #1056],COMPLAINT,train
SENT_0543,The search bar returns 0 results for exact SKU matches when special punctuation or hyphens are present. [Trace #1132],COMPLAINT,train
SENT_0544,Feature request: please consider adding bulk user provisioning and deprovisioning via SCIM API endpoints. [Feature Req #530],RECOMMENDATION,train
SENT_0545,I will continue to keep this in my nighttime routine for my skin care regimen.,NEUTRAL_NOISE,train
SENT_0546,My face feels so smooth :),PRAISE,train
SENT_0547,Seamless integration with PostgreSQL and pgvector; worked right out of the box with zero runtime bugs. [Feedback #497],PRAISE,train
SENT_0548,The default account settings were populated by our internal compliance administrator yesterday. [Log #210],NEUTRAL_NOISE,val
SENT_0549,We configured the staging environment following the recommended infrastructure setup documentation. [Log #122],NEUTRAL_NOISE,val
SENT_0550,I would highly recommend this mask for someone who would like a little more than medium quality/priced product.,RECOMMENDATION,train
SENT_0551,It broke me out soo bad that I still have that acne and I used this product almost a month ago.,COMPLAINT,val
SENT_0552,I noticed this toner made my skin breakout.,COMPLAINT,val
SENT_0553,"The web client crashes with an uncaught runtime error when exporting more than 10,000 records to CSV. [Trace #1097]",COMPLAINT,train
SENT_0554,"Waste of money, no difference since using it for 2 months.",COMPLAINT,train
SENT_0555,The automated billing module charged our card twice this cycle and failed to deliver an itemized PDF invoice. [Trace #1232],COMPLAINT,train
SENT_0556,Customer support answered our urgent ticket in under 4 minutes and hotfixed the permissions issue immediately. [Feedback #447],PRAISE,train
SENT_0557,The organization renews our annual licensing agreement on the first business day of October. [Log #133],NEUTRAL_NOISE,train
SENT_0558,"So the texture was really thick and sticky, used it for a week and didn’t see much results.",COMPLAINT,train
SENT_0559,The migration from our legacy database was blazingly fast and completed with zero unplanned downtime. [Feedback #343],PRAISE,train
SENT_0560,I would like to keep using to really see the results but so far it’s great!,RECOMMENDATION,train
SENT_0561,Our engineering team has been deployed on the enterprise tier for approximately three fiscal quarters. [Log #281],NEUTRAL_NOISE,train
SENT_0562,I don’t use Lancôme products much and I was excited to receive this night cream as there was so much hype around.,NEUTRAL_NOISE,train
SENT_0563,"The sparkles make the skin look like it’s glowing, especially in the sun.",PRAISE,train
SENT_0564,All in all 10/10 will continue to use this product for as long as they make it!,PRAISE,train
SENT_0565,Audit log downloads truncate foreign unicode characters and corrupt Japanese and German customer records. [Trace #1107],COMPLAINT,val
SENT_0566,Our engineering team has been deployed on the enterprise tier for approximately three fiscal quarters. [Log #236],NEUTRAL_NOISE,train
SENT_0567,I’m excited to add it into my weekly routine as you only need to use it 1-2 times a week.,NEUTRAL_NOISE,train
SENT_0568,"SAML SSO authentication repeatedly times out on Safari, trapping enterprise users in an infinite login redirect loop. [Trace #1038]",COMPLAINT,train
SENT_0569,"It doesn’t make you feel like you were wearing sunscreen, doesn’t leave a white cast and not oily.",COMPLAINT,train
SENT_0570,The latest update v2.14 broke table pagination and silently wiped out our team's saved filtering presets. [Trace #1284],COMPLAINT,val
SENT_0571,The latest update v2.14 broke table pagination and silently wiped out our team's saved filtering presets. [Trace #1272],COMPLAINT,train
SENT_0572,Audit log downloads truncate foreign unicode characters and corrupt Japanese and German customer records. [Trace #1335],COMPLAINT,train
SENT_0573,Should offer a granular role-based access control (RBAC) permission matrix for external auditors. [Feature Req #609],RECOMMENDATION,train
SENT_0574,"My only complaint is the size of the tube - I wish there was a larger size option, I anticipate having to order often especially if applying twice a day.",RECOMMENDATION,val
SENT_0575,Push notification latency is unacceptable; alert webhooks take over 40 minutes to notify on-call engineers. [Trace #1069],COMPLAINT,train
SENT_0576,I wish I would have recorded the simple-to-follow steps that are pictured on the back of the box to show the process of mixing my first bottle!,RECOMMENDATION,train
SENT_0577,Database synchronization deadlocks whenever two editors modify document access permissions simultaneously. [Trace #1238],COMPLAINT,train
SENT_0578,We configured the staging environment following the recommended infrastructure setup documentation. [Log #162],NEUTRAL_NOISE,val
SENT_0579,The default account settings were populated by our internal compliance administrator yesterday. [Log #290],NEUTRAL_NOISE,train
SENT_0580,It would be helpful if the filter drawer remembered active column visibility across different browser sessions. [Feature Req #627],RECOMMENDATION,train
SENT_0581,We configured the staging environment following the recommended infrastructure setup documentation. [Log #167],NEUTRAL_NOISE,train
SENT_0582,It would be great if you allowed custom webhook request headers for HMAC signature verification. [Feature Req #606],RECOMMENDATION,train
SENT_0583,"I usually appreciate natural-smelling skincare, but this is horrible.",COMPLAINT,train
SENT_0584,Also the bottle is huge and will likely last me a very long time.,NEUTRAL_NOISE,train
SENT_0585,No complaints other than I wish it were less expensive!!,RECOMMENDATION,train
SENT_0586,Attachments larger than 15MB fail to upload with a cryptic network timeout error and no retry option. [Trace #1331],COMPLAINT,train
SENT_0587,Customer support answered our urgent ticket in under 4 minutes and hotfixed the permissions issue immediately. [Feedback #375],PRAISE,train
SENT_0588,Not sure what was about its ingredients but something might’ve clogged my pores.,COMPLAINT,train
SENT_0589,I don’t recommend this for oily skin at all.,COMPLAINT,train
SENT_0590,The organization renews our annual licensing agreement on the first business day of October. [Log #158],NEUTRAL_NOISE,train
SENT_0591,Definitely 10/10 recommend it I’ve used 3 of the big jars so far!,PRAISE,train
SENT_0592,Conducting integration testing across macOS Sonoma and Ubuntu Linux LTS virtual machine instances. [Log #244],NEUTRAL_NOISE,train
SENT_0593,It would be great if you allowed custom webhook request headers for HMAC signature verification. [Feature Req #534],RECOMMENDATION,train
SENT_0594,The migration from our legacy database was blazingly fast and completed with zero unplanned downtime. [Feedback #511],PRAISE,train
SENT_0595,Gave it an hour to dry and it never stopped feeling sticky.,COMPLAINT,train
SENT_0596,Should offer a granular role-based access control (RBAC) permission matrix for external auditors. [Feature Req #705],RECOMMENDATION,val
SENT_0597,We configured the staging environment following the recommended infrastructure setup documentation. [Log #257],NEUTRAL_NOISE,val
SENT_0598,"I have been using this for 3 months on my stubborn hyperpigmentation I have on my nose from wearing hot sunglasses over time (PSA, don’t wear hot sunglasses in your car on your face, especially if you’re a woman of color.",NEUTRAL_NOISE,train
SENT_0599,This bottle would last me at least a year or more if I used it daily.,NEUTRAL_NOISE,train
SENT_0600,I only received a sample so I can’t speak to the packaging or long term results.,NEUTRAL_NOISE,train
SENT_0601,I love how this feels on my face!,PRAISE,val
SENT_0602,"Also, wish it came in a larger size.",RECOMMENDATION,train
SENT_0603,The latest update v2.14 broke table pagination and silently wiped out our team's saved filtering presets. [Trace #1236],COMPLAINT,train
SENT_0604,Would love to see an automated daily export integration to Snowflake and Google BigQuery warehouses. [Feature Req #511],RECOMMENDATION,train
SENT_0605,The search bar returns 0 results for exact SKU matches when special punctuation or hyphens are present. [Trace #1348],COMPLAINT,train
SENT_0606,The iOS mobile application completely freezes on the splash screen and fails to load offline dashboard cards. [Trace #1162],COMPLAINT,train
SENT_0607,Should offer a granular role-based access control (RBAC) permission matrix for external auditors. [Feature Req #593],RECOMMENDATION,train
SENT_0608,It smells horrible and you can’t mask the smell it’s just overwhelming.,COMPLAINT,train
SENT_0609,"Five stars for performance; complex aggregation queries across 500,000 rows return in under 35 milliseconds. [Feedback #330]",PRAISE,train
SENT_0610,Database synchronization deadlocks whenever two editors modify document access permissions simultaneously. [Trace #1058],COMPLAINT,val
SENT_0611,It has cleared up any acne and left the area of skin hydrated and glowing while evening out skintone and helping with dullness.,PRAISE,train
SENT_0612,"I used Buffet in my routine for about a month and didn’t notice any changes in my skin, for better or worse.",NEUTRAL_NOISE,val
SENT_0613,Could improve incident collaboration by adding bi-directional Slack and Microsoft Teams notification bots. [Feature Req #612],RECOMMENDATION,train
SENT_0614,Customer support answered our urgent ticket in under 4 minutes and hotfixed the permissions issue immediately. [Feedback #363],PRAISE,train
SENT_0615,The migration from our legacy database was blazingly fast and completed with zero unplanned downtime. [Feedback #313],PRAISE,val
SENT_0616,"Webhooks silently fail with HTTP 500 internal server error during peak usage hours, causing irreversible data loss in Salesforce. [Trace #1041]",COMPLAINT,val
SENT_0617,"Experiencing a severe memory leak in the desktop background worker, consuming 4GB RAM after two hours. [Trace #1231]",COMPLAINT,train
SENT_0618,It helped with my usual morning puffiness and dark circles.,NEUTRAL_NOISE,val
SENT_0619,It’s a heavy glass bottle with a pump.,NEUTRAL_NOISE,train
SENT_0620,Customer support answered our urgent ticket in under 4 minutes and hotfixed the permissions issue immediately. [Feedback #405],PRAISE,train
SENT_0621,"The web client crashes with an uncaught runtime error when exporting more than 10,000 records to CSV. [Trace #1205]",COMPLAINT,train
SENT_0622,I love how this product not only has me looking great but my skin feels great as well.,PRAISE,train
SENT_0623,Absolutely in love with the scent and I love that it has a little tint to it.,PRAISE,train
SENT_0624,The organization renews our annual licensing agreement on the first business day of October. [Log #293],NEUTRAL_NOISE,val
SENT_0625,It would be helpful if the filter drawer remembered active column visibility across different browser sessions. [Feature Req #715],RECOMMENDATION,val
SENT_0626,Please add native support for OAuth 2.0 PKCE and multi-tenant Okta SSO in the next enterprise release. [Feature Req #573],RECOMMENDATION,train
SENT_0627,Audit log downloads truncate foreign unicode characters and corrupt Japanese and German customer records. [Trace #1011],COMPLAINT,train
SENT_0628,"I do Wish it had SPF in it so i wouldnt Have to layer on top of it, but otherwise a great product.",RECOMMENDATION,val
SENT_0629,Push notification latency is unacceptable; alert webhooks take over 40 minutes to notify on-call engineers. [Trace #1321],COMPLAINT,train
SENT_0630,Very sticky and the effect is no better than a good lip balm.,COMPLAINT,train
SENT_0631,We configured the staging environment following the recommended infrastructure setup documentation. [Log #147],NEUTRAL_NOISE,val
SENT_0632,I do wish it was in a pump versus a jar because it is pretty thin and hard to pick up with the fingers in the jar.,RECOMMENDATION,train
SENT_0633,"Experiencing a severe memory leak in the desktop background worker, consuming 4GB RAM after two hours. [Trace #1111]",COMPLAINT,train
SENT_0634,literally burned so bad it didn’t even feel moisturizing and it pilled with makeup!!,COMPLAINT,train
SENT_0635,I wish this version (scent) was available in a tube.,RECOMMENDATION,train
SENT_0636,The organization renews our annual licensing agreement on the first business day of October. [Log #168],NEUTRAL_NOISE,val
SENT_0637,The organization renews our annual licensing agreement on the first business day of October. [Log #113],NEUTRAL_NOISE,val
SENT_0638,Very sticky and not easy to apply even with that little stick.,COMPLAINT,train
SENT_0639,Should offer a granular role-based access control (RBAC) permission matrix for external auditors. [Feature Req #537],RECOMMENDATION,train
SENT_0640,Would love to see an automated daily export integration to Snowflake and Google BigQuery warehouses. [Feature Req #711],RECOMMENDATION,val
SENT_0641,The only upside was that it wasn’t greasy and didn’t cause breakouts.,COMPLAINT,train
SENT_0642,"I’ve been using it for over a month, and I can confidently say that it’s by far one of my absolute favorite eye balms to date.",PRAISE,train
SENT_0643,We configured the staging environment following the recommended infrastructure setup documentation. [Log #262],NEUTRAL_NOISE,train
SENT_0644,The default account settings were populated by our internal compliance administrator yesterday. [Log #160],NEUTRAL_NOISE,train
SENT_0645,We configured the staging environment following the recommended infrastructure setup documentation. [Log #117],NEUTRAL_NOISE,train
SENT_0646,"I wish Sunday Riley would make smaller, affordable bottles for those of us with smaller budgets.",RECOMMENDATION,val
SENT_0647,"You’re basically guaranteed a fresh product by mixing & activating the serum yourself so, you can stock up worry-free if you wish.",RECOMMENDATION,train
SENT_0648,Database synchronization deadlocks whenever two editors modify document access permissions simultaneously. [Trace #1166],COMPLAINT,train
SENT_0649,"SAML SSO authentication repeatedly times out on Safari, trapping enterprise users in an infinite login redirect loop. [Trace #1122]",COMPLAINT,train
SENT_0650,The migration from our legacy database was blazingly fast and completed with zero unplanned downtime. [Feedback #355],PRAISE,train
SENT_0651,"The web client crashes with an uncaught runtime error when exporting more than 10,000 records to CSV. [Trace #1217]",COMPLAINT,train
SENT_0652,The latest update v2.14 broke table pagination and silently wiped out our team's saved filtering presets. [Trace #1152],COMPLAINT,train
SENT_0653,"Webhooks silently fail with HTTP 500 internal server error during peak usage hours, causing irreversible data loss in Salesforce. [Trace #1125]",COMPLAINT,train
SENT_0654,Hands down the best REST API documentation and developer sandbox experience in the enterprise software space. [Feedback #320],PRAISE,train
SENT_0655,"I used overnight, and woke up so sticky.",COMPLAINT,train
SENT_0656,Database synchronization deadlocks whenever two editors modify document access permissions simultaneously. [Trace #1250],COMPLAINT,train
SENT_0657,Conducting integration testing across macOS Sonoma and Ubuntu Linux LTS virtual machine instances. [Log #294],NEUTRAL_NOISE,train
SENT_0658,The price was decent but I wish there was either another product or larger sizes.,RECOMMENDATION,train
SENT_0659,I put it on every Christmas and birthday wish list.,RECOMMENDATION,train
SENT_0660,My husband bought this for me as a gift - and I desperately wanted to love it because its a splurge....but it made me breakout!,COMPLAINT,val
SENT_0661,"my pores are much smaller, my skin’s texture is way smoother and i don’t get as much acne on my chin and cheeks.",NEUTRAL_NOISE,train
SENT_0662,Attachments larger than 15MB fail to upload with a cryptic network timeout error and no retry option. [Trace #1019],COMPLAINT,train
SENT_0663,"The bottle came open and leaked, and i’ve read others have similar issues, so i wish packaging was better.",RECOMMENDATION,val
SENT_0664,The iOS mobile application completely freezes on the splash screen and fails to load offline dashboard cards. [Trace #1030],COMPLAINT,train
SENT_0665,"Five stars for performance; complex aggregation queries across 500,000 rows return in under 35 milliseconds. [Feedback #414]",PRAISE,train
SENT_0666,Maybe it was just me and my skin but putting this on had a slight burning sensation and then was followed by leaving my face feeling dry.,COMPLAINT,val
SENT_0667,The migration from our legacy database was blazingly fast and completed with zero unplanned downtime. [Feedback #403],PRAISE,train
SENT_0668,Probably one of the worst beauty products I have ever purchased.,COMPLAINT,train
SENT_0669,I gave it time for the breakout to clear and then I tried it again with the exact same results so I had to return it.,COMPLAINT,train
SENT_0670,Can’t wait to see more amazing results .,PRAISE,train
SENT_0671,Wish there was a dark mode theme for the analytics dashboard to ease eye fatigue during night shifts. [Feature Req #704],RECOMMENDATION,train
SENT_0672,"#koraorganicsgiftedme their Milky Mushroom gentle cleaning oil.It has this amazing milky consistency to it which feels extremely hydrating on the skin while gently cleansing the dirt, makeup and sunscreen beautifully.",NEUTRAL_NOISE,train
SENT_0673,I prefer to use exfoliating pads rather than apply directly from my hands but that is my preference and did not impact the effectiveness of the product.,NEUTRAL_NOISE,val
SENT_0674,"The only thing I would change is that the formula itself is super thin liquid, I wish it was a thicker gel or cream.",RECOMMENDATION,train
SENT_0675,Just wish it could have lasted longer than 3 minutes.,RECOMMENDATION,train
SENT_0676,Would love to see an automated daily export integration to Snowflake and Google BigQuery warehouses. [Feature Req #631],RECOMMENDATION,train
SENT_0677,A better drying solution for acne spot treatment that actually make a difference is Kate Summerville drying solution.,COMPLAINT,train
SENT_0678,These two have helped significantly improve my skins appearance and texture.,NEUTRAL_NOISE,train
SENT_0679,Our engineering team has been deployed on the enterprise tier for approximately three fiscal quarters. [Log #286],NEUTRAL_NOISE,train
SENT_0680,Would love to see an automated daily export integration to Snowflake and Google BigQuery warehouses. [Feature Req #519],RECOMMENDATION,train
SENT_0681,"Experiencing a severe memory leak in the desktop background worker, consuming 4GB RAM after two hours. [Trace #1147]",COMPLAINT,val
SENT_0682,Not dry and is glowing this has literally addresses all my skin care issues in after 2 tiny scoops.,PRAISE,train
SENT_0683,Hands down the best REST API documentation and developer sandbox experience in the enterprise software space. [Feedback #452],PRAISE,train
SENT_0684,The migration from our legacy database was blazingly fast and completed with zero unplanned downtime. [Feedback #427],PRAISE,val
SENT_0685,"Five stars for performance; complex aggregation queries across 500,000 rows return in under 35 milliseconds. [Feedback #354]",PRAISE,train
SENT_0686,The migration from our legacy database was blazingly fast and completed with zero unplanned downtime. [Feedback #325],PRAISE,train
SENT_0687,Should offer a granular role-based access control (RBAC) permission matrix for external auditors. [Feature Req #689],RECOMMENDATION,val
SENT_0688,Could improve incident collaboration by adding bi-directional Slack and Microsoft Teams notification bots. [Feature Req #556],RECOMMENDATION,train
SENT_0689,The redesigned dashboard is super intuitive and saved our operations team over 10 hours every week. [Feedback #376],PRAISE,train
SENT_0690,"Terrible product, I’ve been using it religiously for a month and so far I’ve noticed MORE WRINKLES!",COMPLAINT,val
SENT_0691,However I would prefer it to come in a different package because dirt can get inside the lid.,RECOMMENDATION,train
SENT_0692,I have noticed that my skin looks a lot more hydrated and glowing since I’m taking them and I can’t wait to see more results!,PRAISE,val
SENT_0693,The automated billing module charged our card twice this cycle and failed to deliver an itemized PDF invoice. [Trace #1088],COMPLAINT,val
SENT_0694,"Webhooks silently fail with HTTP 500 internal server error during peak usage hours, causing irreversible data loss in Salesforce. [Trace #1221]",COMPLAINT,train
SENT_0695,The migration from our legacy database was blazingly fast and completed with zero unplanned downtime. [Feedback #361],PRAISE,val
SENT_0696,The consistency is thinner than expected and I was disappointed at how oily it was.,COMPLAINT,val
SENT_0697,Audit log downloads truncate foreign unicode characters and corrupt Japanese and German customer records. [Trace #1323],COMPLAINT,train
SENT_0698,I have finally found my holy grail eye product.,PRAISE,train
SENT_0699,"I was using this nightly for several weeks and found it made my skin quite soft, but exacerbated the redness and texture on my face.",COMPLAINT,train
SENT_0700,Conducting integration testing across macOS Sonoma and Ubuntu Linux LTS virtual machine instances. [Log #184],NEUTRAL_NOISE,val
SENT_0701,The organization renews our annual licensing agreement on the first business day of October. [Log #248],NEUTRAL_NOISE,val
SENT_0702,"I will purchase the full size, however I would love for them to change the packaging to a little more chic!",RECOMMENDATION,train
SENT_0703,Conducting integration testing across macOS Sonoma and Ubuntu Linux LTS virtual machine instances. [Log #129],NEUTRAL_NOISE,train
SENT_0704,after using this product my whole jawline broke out with small bumps & whiteheads.,COMPLAINT,train
SENT_0705,Could improve incident collaboration by adding bi-directional Slack and Microsoft Teams notification bots. [Feature Req #652],RECOMMENDATION,train
SENT_0706,It’s pricey but worth every penny.,PRAISE,train
SENT_0707,I love how it takes the dark circles away in minutes,PRAISE,train
SENT_0708,I am wondering if I am allergic to something in it.,COMPLAINT,train
SENT_0709,"Unlike Olehedriksen, this feels very sticky on my face and I don’t like it.",COMPLAINT,val
SENT_0710,I’ll keep using it to see if things change with time.,NEUTRAL_NOISE,train
SENT_0711,"The web client crashes with an uncaught runtime error when exporting more than 10,000 records to CSV. [Trace #1229]",COMPLAINT,train
SENT_0712,I put this stuff on at night & I can smell it on me until the next morning.I like the minimal tube packaging but the product forms a brown crusty ring around the top.,NEUTRAL_NOISE,train
SENT_0713,"Clumpy, sticky, disgusting consistency.",COMPLAINT,val
SENT_0714,My face felt so smooth and my makeup went on smoothly as well and lasted all day long.,PRAISE,val
SENT_0715,Very nice cleanser very gentle on skin!,PRAISE,train
SENT_0716,It would be great if you allowed custom webhook request headers for HMAC signature verification. [Feature Req #710],RECOMMENDATION,train
SENT_0717,All this did was slightly take away redness.,COMPLAINT,train
SENT_0718,"I like the product, but I wish they would have better packaging.",RECOMMENDATION,train
SENT_0719,The latest update v2.14 broke table pagination and silently wiped out our team's saved filtering presets. [Trace #1344],COMPLAINT,val
SENT_0720,I have oily skin and this is definitely Not the product for me.,COMPLAINT,train
SENT_0721,Customer support answered our urgent ticket in under 4 minutes and hotfixed the permissions issue immediately. [Feedback #309],PRAISE,train
SENT_0722,"I don’t need to set it, but I do find that my skin is a little glowy/shiny by the end of the day - so I’m not sure if people with very oily skin would like this product.",RECOMMENDATION,train
SENT_0723,Could improve incident collaboration by adding bi-directional Slack and Microsoft Teams notification bots. [Feature Req #660],RECOMMENDATION,train
SENT_0724,Attachments larger than 15MB fail to upload with a cryptic network timeout error and no retry option. [Trace #1319],COMPLAINT,val
SENT_0725,Niacinamide is one of my absolute favorite ingredients.,PRAISE,train
SENT_0726,This one is way more drying without delivering better results.,COMPLAINT,train
SENT_0727,"The limited time that I have been using the product,  I can tell it is going to give me great results.",NEUTRAL_NOISE,train
SENT_0728,I put 2 drops in my night moisturizer and I woke up the next morning with glowing skin!,PRAISE,val
SENT_0729,My skin feels smooth after and I don’t notice any issues when using it with my other skincare products or with makeup!,NEUTRAL_NOISE,val
SENT_0730,"This does work, but it’s very harsh and drying.",COMPLAINT,train
SENT_0731,I ordered the largest size available (I believe the 78 oz).,NEUTRAL_NOISE,val
SENT_0732,"However each time I use it, it pills.",COMPLAINT,val
SENT_0733,My only qualm is I wish it had more line reducing ingredients.,RECOMMENDATION,train
SENT_0734,"Webhooks silently fail with HTTP 500 internal server error during peak usage hours, causing irreversible data loss in Salesforce. [Trace #1113]",COMPLAINT,train
SENT_0735,They are very expensive but worth every penny.,PRAISE,train
SENT_0736,The redesigned dashboard is super intuitive and saved our operations team over 10 hours every week. [Feedback #304],PRAISE,train
SENT_0737,Database synchronization deadlocks whenever two editors modify document access permissions simultaneously. [Trace #1190],COMPLAINT,train
SENT_0738,"VERY disappointed that the packaging didn’t include an environmentally-friendly seal; also pads were a bit on the dry side; hoping to at least see what’s promised on the package happen, but so not holding my breath; most likely won’t buy again and definitely won’t recommend to friends and family.",COMPLAINT,train
SENT_0739,"Now that that is out of the way, I am in love with this product.",PRAISE,train
SENT_0740,Why is the full size absolutely terrible?,COMPLAINT,val
SENT_0741,Database synchronization deadlocks whenever two editors modify document access permissions simultaneously. [Trace #1310],COMPLAINT,train
SENT_0742,I wish I could give it more stars.,RECOMMENDATION,train
SENT_0743,This product made me breakout horribly.,COMPLAINT,train
SENT_0744,my skin rarely breaks out when I try out new products so I was really disappointed.,COMPLAINT,train
SENT_0745,Wish I could control how much comes out but this stuff is puuuuuure glow.,RECOMMENDATION,train
SENT_0746,"It clogged my pores and left little whiteheads and blackheads on my cheeks.also it’s not very hydrating it left my skin the same,dry.",COMPLAINT,train
SENT_0747,Love how it smells too!,PRAISE,train
SENT_0748,The search bar returns 0 results for exact SKU matches when special punctuation or hyphens are present. [Trace #1240],COMPLAINT,val
SENT_0749,Push notification latency is unacceptable; alert webhooks take over 40 minutes to notify on-call engineers. [Trace #1201],COMPLAINT,val
SENT_0750,Should offer a granular role-based access control (RBAC) permission matrix for external auditors. [Feature Req #553],RECOMMENDATION,train
SENT_0751,Audit log downloads truncate foreign unicode characters and corrupt Japanese and German customer records. [Trace #1203],COMPLAINT,train
SENT_0752,Hands down the best REST API documentation and developer sandbox experience in the enterprise software space. [Feedback #356],PRAISE,val
SENT_0753,i WISH i had this for last con but at least ill have it for the next!,RECOMMENDATION,val
SENT_0754,The redesigned dashboard is super intuitive and saved our operations team over 10 hours every week. [Feedback #490],PRAISE,train
SENT_0755,i wish i could give this a good review but it was horrible for me.,COMPLAINT,train
SENT_0756,The search bar returns 0 results for exact SKU matches when special punctuation or hyphens are present. [Trace #1048],COMPLAINT,train
SENT_0757,The migration from our legacy database was blazingly fast and completed with zero unplanned downtime. [Feedback #481],PRAISE,train
SENT_0758,I’ve been using for a couple weeks in combo with the matching moisturizer and I have seen a big improvement in the plumpness and over all hydration of my skin.,NEUTRAL_NOISE,val
SENT_0759,"Webhooks silently fail with HTTP 500 internal server error during peak usage hours, causing irreversible data loss in Salesforce. [Trace #1317]",COMPLAINT,train
SENT_0760,Customer support answered our urgent ticket in under 4 minutes and hotfixed the permissions issue immediately. [Feedback #345],PRAISE,train
SENT_0761,It keeps lips hydrated though I wish I noticed more plumping as a result.,RECOMMENDATION,train
SENT_0762,My face was still sticky long after application.,COMPLAINT,train
SENT_0763,Feature request: please consider adding bulk user provisioning and deprovisioning via SCIM API endpoints. [Feature Req #538],RECOMMENDATION,train
SENT_0764,Our engineering team has been deployed on the enterprise tier for approximately three fiscal quarters. [Log #261],NEUTRAL_NOISE,val
SENT_0765,"Experiencing a severe memory leak in the desktop background worker, consuming 4GB RAM after two hours. [Trace #1051]",COMPLAINT,train
SENT_0766,The organization renews our annual licensing agreement on the first business day of October. [Log #273],NEUTRAL_NOISE,train
SENT_0767,Wish there was a dark mode theme for the analytics dashboard to ease eye fatigue during night shifts. [Feature Req #592],RECOMMENDATION,train
SENT_0768,"Love how it makes my skin feel, soothed and plumped without feeling heavy.",PRAISE,val
SENT_0769,The iOS mobile application completely freezes on the splash screen and fails to load offline dashboard cards. [Trace #1282],COMPLAINT,val
SENT_0770,I didn’t see any positive results and I don’t see how there can be any for someone with oily skin like myself..,COMPLAINT,train
SENT_0771,"The web client crashes with an uncaught runtime error when exporting more than 10,000 records to CSV. [Trace #1337]",COMPLAINT,train
SENT_0772,The latest update v2.14 broke table pagination and silently wiped out our team's saved filtering presets. [Trace #1068],COMPLAINT,val
SENT_0773,Feature request: please consider adding bulk user provisioning and deprovisioning via SCIM API endpoints. [Feature Req #626],RECOMMENDATION,train
SENT_0774,This product stings when I put it on and leaves a mask feeling.,COMPLAINT,train
SENT_0775,Wish it was in a travel size so I can take it on the go.,RECOMMENDATION,train
SENT_0776,Conducting integration testing across macOS Sonoma and Ubuntu Linux LTS virtual machine instances. [Log #199],NEUTRAL_NOISE,train
SENT_0777,"Webhooks silently fail with HTTP 500 internal server error during peak usage hours, causing irreversible data loss in Salesforce. [Trace #1329]",COMPLAINT,train
SENT_0778,but my face felt so tacky and sticky.,COMPLAINT,train
SENT_0779,"Although my skin is not as calm as I would like, this serum has helped to tone down the redness in my skin.",RECOMMENDATION,train
SENT_0780,A friend swears by Kiehl’s so I purchased a kit of samples - and fell in love with this cream.,PRAISE,train
SENT_0781,I wish this toner didn’t have so much alcohol in it but it does clean my face well,RECOMMENDATION,train
SENT_0782,"I wish this product was right for my skin, but I am oily.",RECOMMENDATION,val
SENT_0783,It is not feasible for me especially since the packaging threw me off so I will most likely stop using this product.,NEUTRAL_NOISE,val
SENT_0784,I got a sample of this with a recent order and it BURNED my face and left an allergic reaction.,COMPLAINT,train
SENT_0785,Should offer a granular role-based access control (RBAC) permission matrix for external auditors. [Feature Req #513],RECOMMENDATION,train
SENT_0786,Great product I was scared at the 134$ price tag but it was  Worth every penny and I will  purchase this  product again when I run out.,PRAISE,train
SENT_0787,"I got a sample of this as a birthday gift maybe 2 weeks ago and I’ve been using this twice a day where I’ve been developing wrinkles (specifically my smile lines and in between my eyebrows cause I’m notorious for both frowning a lot and smiling) and I can honestly say I’ve been seeing an improvement even in this ’short’ time, id defiantly get this again",NEUTRAL_NOISE,val
SENT_0788,"The web client crashes with an uncaught runtime error when exporting more than 10,000 records to CSV. [Trace #1193]",COMPLAINT,train
SENT_0789,"However my skin does appear to be firmer in the morning , not sure if it has to do with this particular product...",NEUTRAL_NOISE,train
SENT_0790,Could improve incident collaboration by adding bi-directional Slack and Microsoft Teams notification bots. [Feature Req #572],RECOMMENDATION,val
SENT_0791,Our engineering team has been deployed on the enterprise tier for approximately three fiscal quarters. [Log #141],NEUTRAL_NOISE,train
SENT_0792,"Previous to this purchase, I was using Volution’s Tumeric mask/exfoliator.",NEUTRAL_NOISE,train
SENT_0793,"SAML SSO authentication repeatedly times out on Safari, trapping enterprise users in an infinite login redirect loop. [Trace #1074]",COMPLAINT,train
SENT_0794,I’m so disappointed with this product.,COMPLAINT,train
SENT_0795,It’s smooth to apply and absorbs well.,NEUTRAL_NOISE,train
SENT_0796,Unfortunately I won’t be able to use it as much as I would like.,RECOMMENDATION,train
SENT_0797,"Experiencing a severe memory leak in the desktop background worker, consuming 4GB RAM after two hours. [Trace #1303]",COMPLAINT,train
SENT_0798,Push notification latency is unacceptable; alert webhooks take over 40 minutes to notify on-call engineers. [Trace #1177],COMPLAINT,train
SENT_0799,"Honestly, I wish I had found this earlier.",RECOMMENDATION,train
SENT_0800,I received this product complimentary from Dr. Brandt Skincare  and I am in love!,PRAISE,train
SENT_0801,Attachments larger than 15MB fail to upload with a cryptic network timeout error and no retry option. [Trace #1103],COMPLAINT,train
SENT_0802,"Unfortunately, my skin formed dry patches and I had a couple breakouts.",COMPLAINT,train
SENT_0803,"Like as soon as i put the product in my hands to put it on my face, It immediately pills (the product will turn into small balls).",COMPLAINT,train
SENT_0804,Our engineering team has been deployed on the enterprise tier for approximately three fiscal quarters. [Log #296],NEUTRAL_NOISE,val
SENT_0805,"For a day cream I use Tatcha Water Cream and have tried several to find my fave, but this is the first night cream I’ve tried and so have nothing to compare it to in that sense but wanted to give a review anyway because it’s bomb.",NEUTRAL_NOISE,train
SENT_0806,I would like to start by saying I love the jet lag mask.,RECOMMENDATION,val
SENT_0807,"Five stars for performance; complex aggregation queries across 500,000 rows return in under 35 milliseconds. [Feedback #342]",PRAISE,val
SENT_0808,You’ll feel like your skin is glowing.,PRAISE,train
SENT_0809,Recently purchased this cleanser through a recommendation from my aesthetician.,NEUTRAL_NOISE,train
SENT_0810,The redesigned dashboard is super intuitive and saved our operations team over 10 hours every week. [Feedback #406],PRAISE,train
SENT_0811,This made me have instant breakouts around my nose and mouth.,COMPLAINT,train
SENT_0812,It would be helpful if the filter drawer remembered active column visibility across different browser sessions. [Feature Req #643],RECOMMENDATION,train
SENT_0813,I’m really glad I was just given a sample because this would have been a waste of money.,COMPLAINT,train
SENT_0814,The default account settings were populated by our internal compliance administrator yesterday. [Log #275],NEUTRAL_NOISE,train
SENT_0815,The automated billing module charged our card twice this cycle and failed to deliver an itemized PDF invoice. [Trace #1340],COMPLAINT,train
SENT_0816,The migration from our legacy database was blazingly fast and completed with zero unplanned downtime. [Feedback #523],PRAISE,train
SENT_0817,Please add native support for OAuth 2.0 PKCE and multi-tenant Okta SSO in the next enterprise release. [Feature Req #725],RECOMMENDATION,train
SENT_0818,"SAML SSO authentication repeatedly times out on Safari, trapping enterprise users in an infinite login redirect loop. [Trace #1182]",COMPLAINT,train
SENT_0819,Wish there was a dark mode theme for the analytics dashboard to ease eye fatigue during night shifts. [Feature Req #544],RECOMMENDATION,train
SENT_0820,Our engineering team has been deployed on the enterprise tier for approximately three fiscal quarters. [Log #116],NEUTRAL_NOISE,val
SENT_0821,this is the only skincare product I’ve ever used that gives amazing results as fast as it does.,PRAISE,train
SENT_0822,Customer support answered our urgent ticket in under 4 minutes and hotfixed the permissions issue immediately. [Feedback #519],PRAISE,train
SENT_0823,In my opinion this treatment should in a pump bottle.,NEUTRAL_NOISE,val
SENT_0824,I typically like medical grade vitamin C and that tingle it gives your skin but this is a great option for the cosmetic store.,NEUTRAL_NOISE,val
SENT_0825,This cream feels too oily on combination/oily skin especially if moisturizer is not the only product you’re using in your night time routine.,COMPLAINT,train
SENT_0826,"Five stars for performance; complex aggregation queries across 500,000 rows return in under 35 milliseconds. [Feedback #420]",PRAISE,train
SENT_0827,Feature request: please consider adding bulk user provisioning and deprovisioning via SCIM API endpoints. [Feature Req #578],RECOMMENDATION,train
SENT_0828,Last trip to the store I stocked up and bought several and just opened one  and it’s TERRIBLE!!!,COMPLAINT,train
SENT_0829,I guess I will keep using it and come back to give it another review,NEUTRAL_NOISE,train
SENT_0830,The iOS mobile application completely freezes on the splash screen and fails to load offline dashboard cards. [Trace #1342],COMPLAINT,train
SENT_0831,The weather + oil skin made this product very oily and increase my acne.,COMPLAINT,train
SENT_0832,"I love how light and hydrating it is, I noticed that after I used it my skin looked so much brighter/hydrated and didn’t look dull.",PRAISE,train
SENT_0833,"I went in to Sephora probably around 6 months ago, told an employee I wanted something not harsh for acne and anti-aging - she recommended this and I just repurchased it because I love how it made my skin feel.",PRAISE,train
SENT_0834,The product goes well with my other Tatcha products I purchased with this order.,NEUTRAL_NOISE,val
SENT_0835,*I received this product for free for testing purposes*,NEUTRAL_NOISE,train
SENT_0836,"I have oily, acne prone skin.",COMPLAINT,train
SENT_0837,The latest update v2.14 broke table pagination and silently wiped out our team's saved filtering presets. [Trace #1176],COMPLAINT,train
SENT_0838,very disappointed as I was expecting a lot from it,COMPLAINT,train
SENT_0839,Attachments larger than 15MB fail to upload with a cryptic network timeout error and no retry option. [Trace #1091],COMPLAINT,train
SENT_0840,It removes reside make up left behind after using Sephora Triple Action Cleansing Water.,NEUTRAL_NOISE,train
SENT_0841,I received the full size version of this product to test in exchange for an honest review.,NEUTRAL_NOISE,train
SENT_0842,The default account settings were populated by our internal compliance administrator yesterday. [Log #165],NEUTRAL_NOISE,train
SENT_0843,"I have noticed that much skin is visibly firmer, smoother, and brighter since using the product.",NEUTRAL_NOISE,val
SENT_0844,I bought this mark on a whim as I needed to restock on a brightening mask.,NEUTRAL_NOISE,train
SENT_0845,It’s so hydrating while also leaving my skin feeling clean.,PRAISE,train
SENT_0846,I’ve tried it on different occasions about a half dozen times along with my normal skincare products and it broke me out every.,COMPLAINT,train
SENT_0847,Hands down the best REST API documentation and developer sandbox experience in the enterprise software space. [Feedback #506],PRAISE,train
SENT_0848,Database synchronization deadlocks whenever two editors modify document access permissions simultaneously. [Trace #1262],COMPLAINT,train
SENT_0849,"However, one of the first ingredients is Dimethicone, which my skin hates (I’m not the only one, either.) Still, I tried it just to be sure, and I broke out.",COMPLAINT,train
SENT_0850,Audit log downloads truncate foreign unicode characters and corrupt Japanese and German customer records. [Trace #1059],COMPLAINT,train
SENT_0851,I’ve been using it for about 2 weeks and yesterday even my not-very-observant husband mentioned how great my skin was looking.,NEUTRAL_NOISE,val
SENT_0852,I have age spots from years of tanning and they definitely have reduced in color!,NEUTRAL_NOISE,train
SENT_0853,I bought the smaller version of this face cleanser and fell in love so of course I had to purchase the larger version.,PRAISE,train
SENT_0854,Oh my how I wish this product works for me!,RECOMMENDATION,train
SENT_0855,It would be helpful if the filter drawer remembered active column visibility across different browser sessions. [Feature Req #579],RECOMMENDATION,val
SENT_0856,Seamless integration with PostgreSQL and pgvector; worked right out of the box with zero runtime bugs. [Feedback #473],PRAISE,train
SENT_0857,love how refreshing the mask feels.,PRAISE,val
SENT_0858,"Unfortunately I have to say that this is the worst SPF moisturizer I’ve ever bought, and I’ve tried many such products.",COMPLAINT,train
SENT_0859,Seamless integration with PostgreSQL and pgvector; worked right out of the box with zero runtime bugs. [Feedback #509],PRAISE,train
SENT_0860,"I wore this to the river and usually burn pretty badly on my nose; however, I didn’t get a burn at all using this product.",NEUTRAL_NOISE,train
SENT_0861,I just wish it came in travel sizes!,RECOMMENDATION,train
SENT_0862,"the day of the purchase the worker was like “it will be great for oily skin“ and it actually did, well now it made it worse.",COMPLAINT,train
SENT_0863,"The web client crashes with an uncaught runtime error when exporting more than 10,000 records to CSV. [Trace #1001]",COMPLAINT,train
SENT_0864,Wish there was a dark mode theme for the analytics dashboard to ease eye fatigue during night shifts. [Feature Req #656],RECOMMENDATION,train
SENT_0865,This toner makes my skin feel very oily after using it.,COMPLAINT,train
SENT_0866,I wish I had a better idea about the retinol concentration in order to fully replace my regular retinol with this product.,RECOMMENDATION,train
SENT_0867,The organization renews our annual licensing agreement on the first business day of October. [Log #103],NEUTRAL_NOISE,train
SENT_0868,There really isn’t a scent which personally I would prefer something to smell pretty.,RECOMMENDATION,train
SENT_0869,Our engineering team has been deployed on the enterprise tier for approximately three fiscal quarters. [Log #156],NEUTRAL_NOISE,train
SENT_0870,I got this as a sample and immediately fell in love with it!,PRAISE,train
SENT_0871,Wish there was a dark mode theme for the analytics dashboard to ease eye fatigue during night shifts. [Feature Req #568],RECOMMENDATION,train
SENT_0872,We configured the staging environment following the recommended infrastructure setup documentation. [Log #172],NEUTRAL_NOISE,train
SENT_0873,The search bar returns 0 results for exact SKU matches when special punctuation or hyphens are present. [Trace #1300],COMPLAINT,train
SENT_0874,"I love how it felt on my skin and the nice glow it left without feeling or looking oily, but the packaging needs to be improved.",RECOMMENDATION,train
SENT_0875,I had no doubts I would love this one.,RECOMMENDATION,train
SENT_0876,It does sink in well and it isn’t drying and it didn’t give me a cast.,COMPLAINT,train
SENT_0877,I wish the it was a bit bigger.,RECOMMENDATION,val
SENT_0878,THIS IS MY HOLY GRAIL PRODUCT!!!!!!!!!,PRAISE,train
SENT_0879,Could improve incident collaboration by adding bi-directional Slack and Microsoft Teams notification bots. [Feature Req #628],RECOMMENDATION,val
SENT_0880,"Five stars for performance; complex aggregation queries across 500,000 rows return in under 35 milliseconds. [Feedback #432]",PRAISE,train
SENT_0881,The search bar returns 0 results for exact SKU matches when special punctuation or hyphens are present. [Trace #1288],COMPLAINT,train
SENT_0882,The redesigned dashboard is super intuitive and saved our operations team over 10 hours every week. [Feedback #370],PRAISE,train
SENT_0883,The search bar returns 0 results for exact SKU matches when special punctuation or hyphens are present. [Trace #1024],COMPLAINT,train
SENT_0884,It’s very lightweight and my skin is so soft after using it.,NEUTRAL_NOISE,train
SENT_0885,The default account settings were populated by our internal compliance administrator yesterday. [Log #125],NEUTRAL_NOISE,train
SENT_0886,I’ve been using this toner as part of my nighttime routine for two weeks now.,NEUTRAL_NOISE,train
SENT_0887,"Experiencing a severe memory leak in the desktop background worker, consuming 4GB RAM after two hours. [Trace #1339]",COMPLAINT,train
SENT_0888,Now when I first placed it on my face I fell in love!,PRAISE,train
SENT_0889,Broke me out horribly after two days.,COMPLAINT,val
SENT_0890,It would be helpful if the filter drawer remembered active column visibility across different browser sessions. [Feature Req #667],RECOMMENDATION,train
SENT_0891,Could improve incident collaboration by adding bi-directional Slack and Microsoft Teams notification bots. [Feature Req #580],RECOMMENDATION,train
SENT_0892,I have been using this nightly before bed for a month.,NEUTRAL_NOISE,train
SENT_0893,I only wish it could come in like a liquid formula in a pump that way it wouldn’t have to sit on anything and it could be pumped out and nothing would go to waste.,RECOMMENDATION,train
SENT_0894,I am in love with this product and my skin felt so fresh and smooth after a single use..,PRAISE,train
SENT_0895,Please add native support for OAuth 2.0 PKCE and multi-tenant Okta SSO in the next enterprise release. [Feature Req #557],RECOMMENDATION,train
SENT_0896,I discovered Tula this year and love the eye cream it’s the best I have ever used and I have tried everything I was using caudalie but kept breaking out so decided to try this moisturizer and it’s so much for effective no breakours hydrated skin and I love how smooth it is,PRAISE,val
SENT_0897,Feature request: please consider adding bulk user provisioning and deprovisioning via SCIM API endpoints. [Feature Req #554],RECOMMENDATION,train
SENT_0898,After just one use the next morning my face was actually glowing..,PRAISE,train
SENT_0899,"I bought this to use on days when I don’t wear makeup, to lightly cover up redness without it looking like makeup.",COMPLAINT,train
SENT_0900,I’ve been using the UFO for over a month now and While I have found to to be very hydrating and it hasn’t irritated my skin/ it also hasn’t done what I bought it for- decongesting and keeping my pores clean.,NEUTRAL_NOISE,train
SENT_0901,"Webhooks silently fail with HTTP 500 internal server error during peak usage hours, causing irreversible data loss in Salesforce. [Trace #1269]",COMPLAINT,train
SENT_0902,The organization renews our annual licensing agreement on the first business day of October. [Log #203],NEUTRAL_NOISE,train
SENT_0903,"The cleanser seemed to do a great job of cleaning without over-drying, and I love the being able to use very little of the product (saving money).Specificially, I am allergic to Methylchloroisothiazolinone and Methylisothiazolinone.",COMPLAINT,train
SENT_0904,After my face went back to normal I tried using it again one night and I broke out AGAIN immediately the next morning.,COMPLAINT,val
SENT_0905,We configured the staging environment following the recommended infrastructure setup documentation. [Log #102],NEUTRAL_NOISE,train
SENT_0906,Conducting integration testing across macOS Sonoma and Ubuntu Linux LTS virtual machine instances. [Log #234],NEUTRAL_NOISE,train
SENT_0907,Feels like dried egg whites on my face and it pills up by itself and with moisturizer.,COMPLAINT,train
SENT_0908,"SAML SSO authentication repeatedly times out on Safari, trapping enterprise users in an infinite login redirect loop. [Trace #1002]",COMPLAINT,train
SENT_0909,"SAML SSO authentication repeatedly times out on Safari, trapping enterprise users in an infinite login redirect loop. [Trace #1158]",COMPLAINT,train
SENT_0910,Audit log downloads truncate foreign unicode characters and corrupt Japanese and German customer records. [Trace #1095],COMPLAINT,train
SENT_0911,The default account settings were populated by our internal compliance administrator yesterday. [Log #155],NEUTRAL_NOISE,val
SENT_0912,Push notification latency is unacceptable; alert webhooks take over 40 minutes to notify on-call engineers. [Trace #1345],COMPLAINT,train
SENT_0913,Should offer a granular role-based access control (RBAC) permission matrix for external auditors. [Feature Req #649],RECOMMENDATION,train
SENT_0914,"Second day using this product my skin had broke out, red bumps everywhere on my face, neck, and chest.",COMPLAINT,val
SENT_0915,’ve been using this holy grail product for two weeks and have noticed such a HUGE improvement in my skin!!,PRAISE,train
SENT_0916,I have normal to oily skin.,COMPLAINT,train
SENT_0917,"Webhooks silently fail with HTTP 500 internal server error during peak usage hours, causing irreversible data loss in Salesforce. [Trace #1209]",COMPLAINT,train
SENT_0918,Hands down the best REST API documentation and developer sandbox experience in the enterprise software space. [Feedback #314],PRAISE,val
SENT_0919,We configured the staging environment following the recommended infrastructure setup documentation. [Log #197],NEUTRAL_NOISE,train
SENT_0920,The migration from our legacy database was blazingly fast and completed with zero unplanned downtime. [Feedback #367],PRAISE,train
SENT_0921,Wish there was a dark mode theme for the analytics dashboard to ease eye fatigue during night shifts. [Feature Req #512],RECOMMENDATION,train
SENT_0922,So in love with this moisturizer.,PRAISE,val
SENT_0923,I like to combine this with my vitamin C during the day and retinol serum at night.,NEUTRAL_NOISE,train
SENT_0924,"Absolutely horrible, and now I’m trying to get my skin back to how it was before.",COMPLAINT,train
SENT_0925,The default account settings were populated by our internal compliance administrator yesterday. [Log #245],NEUTRAL_NOISE,val
SENT_0926,I just wish they weren’t so pricey since I use so many of them.,RECOMMENDATION,train
SENT_0927,I have noticed when I do where makeup it does look more flawless even when I am using a drug store product.,NEUTRAL_NOISE,train
SENT_0928,In the future I would probably use this very lightly in the morning and more heavy handed at night since it took a while to dry down.,NEUTRAL_NOISE,val
SENT_0929,Conducting integration testing across macOS Sonoma and Ubuntu Linux LTS virtual machine instances. [Log #214],NEUTRAL_NOISE,train
SENT_0930,It would be helpful if the filter drawer remembered active column visibility across different browser sessions. [Feature Req #619],RECOMMENDATION,val
SENT_0931,Seamless integration with PostgreSQL and pgvector; worked right out of the box with zero runtime bugs. [Feedback #317],PRAISE,train
SENT_0932,The iOS mobile application completely freezes on the splash screen and fails to load offline dashboard cards. [Trace #1318],COMPLAINT,train
SENT_0933,The default account settings were populated by our internal compliance administrator yesterday. [Log #145],NEUTRAL_NOISE,train
SENT_0934,"It definitely reduces the redness, but I don’t like the thick and oily texture.I used this with no foundation when I didn’t have any plans and wanted to rest my skin.",COMPLAINT,train
SENT_0935,I only wish it wasn’t so expensive,RECOMMENDATION,val
SENT_0936,I would like it better if it had a normal dropper like most serums.,RECOMMENDATION,train
SENT_0937,Attachments larger than 15MB fail to upload with a cryptic network timeout error and no retry option. [Trace #1343],COMPLAINT,val
SENT_0938,The worst product l’Ive ever tried!,COMPLAINT,train
SENT_0939,The automated billing module charged our card twice this cycle and failed to deliver an itemized PDF invoice. [Trace #1160],COMPLAINT,train
SENT_0940,"Five stars for performance; complex aggregation queries across 500,000 rows return in under 35 milliseconds. [Feedback #486]",PRAISE,train
SENT_0941,Wish there was a dark mode theme for the analytics dashboard to ease eye fatigue during night shifts. [Feature Req #608],RECOMMENDATION,train
SENT_0942,after that it’s fine but I don’t see a difference in my under eye area since using it,NEUTRAL_NOISE,train
SENT_0943,Attachments larger than 15MB fail to upload with a cryptic network timeout error and no retry option. [Trace #1115],COMPLAINT,train
SENT_0944,The iOS mobile application completely freezes on the splash screen and fails to load offline dashboard cards. [Trace #1006],COMPLAINT,val
SENT_0945,We configured the staging environment following the recommended infrastructure setup documentation. [Log #157],NEUTRAL_NOISE,train
SENT_0946,The default account settings were populated by our internal compliance administrator yesterday. [Log #255],NEUTRAL_NOISE,train
SENT_0947,Our engineering team has been deployed on the enterprise tier for approximately three fiscal quarters. [Log #151],NEUTRAL_NOISE,train
SENT_0948,Definitely feels luxury- I don’t know if it’s the sleek packaging or the glass bottle but definitely feels like a luxury brand.,NEUTRAL_NOISE,val
SENT_0949,The default account settings were populated by our internal compliance administrator yesterday. [Log #230],NEUTRAL_NOISE,train
SENT_0950,The iOS mobile application completely freezes on the splash screen and fails to load offline dashboard cards. [Trace #1126],COMPLAINT,train
SENT_0951,"This cream made my under eye area flare up to some serious redness, puffiness, and tenderness.",COMPLAINT,train
SENT_0952,The latest update v2.14 broke table pagination and silently wiped out our team's saved filtering presets. [Trace #1248],COMPLAINT,val
SENT_0953,I noticed no positive differences in my skin after a few weeks of use and was disappointed in the ingredients.,COMPLAINT,train
SENT_0954,The migration from our legacy database was blazingly fast and completed with zero unplanned downtime. [Feedback #415],PRAISE,train
SENT_0955,Please add native support for OAuth 2.0 PKCE and multi-tenant Okta SSO in the next enterprise release. [Feature Req #509],RECOMMENDATION,train
SENT_0956,Hands down the best REST API documentation and developer sandbox experience in the enterprise software space. [Feedback #458],PRAISE,val
SENT_0957,"I had used it a couple of times while alternating it with my old formula Farmacy sunscreen (trying to find a replacement after it was reformulated), but after wearing it for a few days straight, I broke out in a rash.",COMPLAINT,train
SENT_0958,"Haven’t noticed any extreme breakouts since, but its just too oily for me.",COMPLAINT,train
SENT_0959,We configured the staging environment following the recommended infrastructure setup documentation. [Log #227],NEUTRAL_NOISE,train
SENT_0960,"I feel so greasy, and I cannot wait to wash it off.",COMPLAINT,train
SENT_0961,I love how smooth the formula feels on my skin & I can see myself using this a lot this spring + summer!!,PRAISE,train
SENT_0962,"SAML SSO authentication repeatedly times out on Safari, trapping enterprise users in an infinite login redirect loop. [Trace #1062]",COMPLAINT,train
SENT_0963,It made my skin more oily.,COMPLAINT,train
SENT_0964,Please add native support for OAuth 2.0 PKCE and multi-tenant Okta SSO in the next enterprise release. [Feature Req #517],RECOMMENDATION,val
SENT_0965,It would be helpful if the filter drawer remembered active column visibility across different browser sessions. [Feature Req #699],RECOMMENDATION,train
SENT_0966,I received a complimentary sample size of the Korres Santorini Grape Poreless Skin Cream from Influenster.,NEUTRAL_NOISE,train
SENT_0967,"I love how this mask is a leave on mask, no need to wash off!",PRAISE,train
SENT_0968,This product is extremely irritating and just broke me out.,COMPLAINT,val
SENT_0969,I also noticed that skin tone seems to be evening out after morning and night time use.Only thing I don’t like is that the container leaks out product.,NEUTRAL_NOISE,train
SENT_0970,"I didn’t have major skin concerns prior to using it, so i can’t say it’s been life-changing, but I do really like it.",NEUTRAL_NOISE,train
SENT_0971,Customer support answered our urgent ticket in under 4 minutes and hotfixed the permissions issue immediately. [Feedback #525],PRAISE,train
SENT_0972,"I was expecting it to be hydrating and to treat my lips but instead it dries out so fast and made my lips worse and flaky… hated this product and ridiculously expensive… do not buy it if you are treat your lipslooking to treat your lips, go for a drugstore regular lip balm.",COMPLAINT,train
SENT_0973,my sister bought this and used it once a week until she finished the entire tube.,NEUTRAL_NOISE,train
SENT_0974,The organization renews our annual licensing agreement on the first business day of October. [Log #138],NEUTRAL_NOISE,train
SENT_0975,I wish I could post a video of me trying to get product out.,RECOMMENDATION,train
SENT_0976,I turned to this serum in hopes of minimizing redness on my face.,COMPLAINT,train
SENT_0977,Please add native support for OAuth 2.0 PKCE and multi-tenant Okta SSO in the next enterprise release. [Feature Req #677],RECOMMENDATION,train
SENT_0978,Our engineering team has been deployed on the enterprise tier for approximately three fiscal quarters. [Log #106],NEUTRAL_NOISE,val
SENT_0979,Database synchronization deadlocks whenever two editors modify document access permissions simultaneously. [Trace #1178],COMPLAINT,train
SENT_0980,My suggestion for using it is to use it at night while you’re sleeping.,RECOMMENDATION,val
SENT_0981,Sadly that feeling didn’t last and with an hour my skin felt and looked greasy and oily.,COMPLAINT,train
SENT_0982,The redesigned dashboard is super intuitive and saved our operations team over 10 hours every week. [Feedback #460],PRAISE,train
SENT_0983,I wish this could’ve worked for my skin but it caused issues instead.,RECOMMENDATION,val
SENT_0984,"I’ve very oily, sensitive skin and I was unable to use it for more than 2 days.",COMPLAINT,train
SENT_0985,My face is so smooth.,PRAISE,train
SENT_0986,"My skin looks refreshed, healthy and glowing.",PRAISE,train
SENT_0987,Seamless integration with PostgreSQL and pgvector; worked right out of the box with zero runtime bugs. [Feedback #443],PRAISE,val
SENT_0988,The latest update v2.14 broke table pagination and silently wiped out our team's saved filtering presets. [Trace #1008],COMPLAINT,train
SENT_0989,I wish they have 90 or 120 days supply,RECOMMENDATION,train
SENT_0990,I have oily skin and it comes off very easily even when I use a setting powder.,COMPLAINT,val
SENT_0991,Seamless integration with PostgreSQL and pgvector; worked right out of the box with zero runtime bugs. [Feedback #491],PRAISE,train
SENT_0992,"This broke me out so bad, tiny bumps all across my chin and jaw.",COMPLAINT,train
SENT_0993,Audit log downloads truncate foreign unicode characters and corrupt Japanese and German customer records. [Trace #1263],COMPLAINT,train
SENT_0994,Our engineering team has been deployed on the enterprise tier for approximately three fiscal quarters. [Log #246],NEUTRAL_NOISE,train
SENT_0995,I really had big hopes for this product since I have very oily skin and break up here and there but this product along with the toner and oil free matifier made my skin worse.,COMPLAINT,train
SENT_0996,Conducting integration testing across macOS Sonoma and Ubuntu Linux LTS virtual machine instances. [Log #159],NEUTRAL_NOISE,train
SENT_0997,I have yet to try another product that delivers such amazing results.,PRAISE,train
SENT_0998,Database synchronization deadlocks whenever two editors modify document access permissions simultaneously. [Trace #1010],COMPLAINT,train
SENT_0999,I’m glad I bought the small size as it would be a waste of money otherwise.,COMPLAINT,val
SENT_1000,Wish I could have a whole box’s worth.,RECOMMENDATION,val
SENT_1001,"I wish it cleaned around my nose a little more and cleaned my pores better, but I still recommend trying the product.",RECOMMENDATION,train
SENT_1002,I waited for about an hour washed my face this time using Algenist face wash.,NEUTRAL_NOISE,train
SENT_1003,Since using ExfoliKate my skin has cleared up tremendously.,NEUTRAL_NOISE,train
SENT_1004,I wish i can put 1 star.,RECOMMENDATION,train
SENT_1005,I’ve seen it on Instagram tutorials and I fell in love!,PRAISE,train
SENT_1006,The redesigned dashboard is super intuitive and saved our operations team over 10 hours every week. [Feedback #442],PRAISE,train
SENT_1007,The latest update v2.14 broke table pagination and silently wiped out our team's saved filtering presets. [Trace #1164],COMPLAINT,train
SENT_1008,Hands down the best REST API documentation and developer sandbox experience in the enterprise software space. [Feedback #512],PRAISE,train
SENT_1009,Disclosure: I received this product for free to test and review.,NEUTRAL_NOISE,train
SENT_1010,"I really like Murad, but I hated this product.",COMPLAINT,val
SENT_1011,Audit log downloads truncate foreign unicode characters and corrupt Japanese and German customer records. [Trace #1287],COMPLAINT,train
SENT_1012,Attachments larger than 15MB fail to upload with a cryptic network timeout error and no retry option. [Trace #1223],COMPLAINT,train
SENT_1013,"The information sounded really promising but seeing it in person, with how the clay settles down at the bottom of the bottle and needs to be shaken before use, it worried me that it would be drying or stripping.",RECOMMENDATION,train
SENT_1014,I only used it twice and i broke out in red bumps all over my forehead.,COMPLAINT,train
SENT_1015,Had really high hopes for this spray for reducing redness and adding hydration.,COMPLAINT,val
SENT_1016,But I will not directly blame this product for my breakout as it could be caused by diet or stress.,COMPLAINT,train
SENT_1017,Please add native support for OAuth 2.0 PKCE and multi-tenant Okta SSO in the next enterprise release. [Feature Req #525],RECOMMENDATION,val
SENT_1018,"While the size is not as big as I would like for the price, my dark acne scars have dramatically lighten.",RECOMMENDATION,train
SENT_1019,"It helped get the texture of my skin back to normal when my face needed some intense hydration, but it also broke out my forehead.",COMPLAINT,val
SENT_1020,Feels hot on my face and it made me break out (I have oily/combination skin) doesn’t exfoliate much no matter how many different amounts of water I used even no water.,COMPLAINT,val
SENT_1021,I wish the face cream didn’t have essential oils - lavender and citrus can be so irritating.,RECOMMENDATION,train
SENT_1022,Tried it on several different occasions and it just made my skin disgustingly oily.,COMPLAINT,train
SENT_1023,I love the way it feels on my skin and I love using it as an primer and on no makeup days to add a little glow.,NEUTRAL_NOISE,train
SENT_1024,"SAML SSO authentication repeatedly times out on Safari, trapping enterprise users in an infinite login redirect loop. [Trace #1134]",COMPLAINT,train
SENT_1025,Would love to see an automated daily export integration to Snowflake and Google BigQuery warehouses. [Feature Req #599],RECOMMENDATION,val
SENT_1026,Conducting integration testing across macOS Sonoma and Ubuntu Linux LTS virtual machine instances. [Log #169],NEUTRAL_NOISE,train
SENT_1027,"I received this toner from influenster for free, in exchange for review.",NEUTRAL_NOISE,val
SENT_1028,Should offer a granular role-based access control (RBAC) permission matrix for external auditors. [Feature Req #569],RECOMMENDATION,train
SENT_1029,The migration from our legacy database was blazingly fast and completed with zero unplanned downtime. [Feedback #379],PRAISE,train
SENT_1030,The default account settings were populated by our internal compliance administrator yesterday. [Log #270],NEUTRAL_NOISE,train
SENT_1031,It is so hydrating and refreshing - it’s almost like it erases wrinkles on the spot when my skin is dry.,PRAISE,val
SENT_1032,Attachments larger than 15MB fail to upload with a cryptic network timeout error and no retry option. [Trace #1211],COMPLAINT,train
SENT_1033,"I love the scent and how it calms redness, but I needed to return it because of the breakouts/bumps on my forehead and chin.",COMPLAINT,train
SENT_1034,Received my product free for testing purposes and I am in love!,PRAISE,train
SENT_1035,It would be great if you allowed custom webhook request headers for HMAC signature verification. [Feature Req #654],RECOMMENDATION,val
SENT_1036,wish it was a little bigger in size but skin feels smooth and hydrated after use.,RECOMMENDATION,train
SENT_1037,have been using this for a while and it leaves skin bright and glowing.,PRAISE,train
SENT_1038,Conducting integration testing across macOS Sonoma and Ubuntu Linux LTS virtual machine instances. [Log #264],NEUTRAL_NOISE,train
SENT_1039,This is my new holy grail product.,PRAISE,val
SENT_1040,"Experiencing a severe memory leak in the desktop background worker, consuming 4GB RAM after two hours. [Trace #1171]",COMPLAINT,val
SENT_1041,The latest update v2.14 broke table pagination and silently wiped out our team's saved filtering presets. [Trace #1044],COMPLAINT,train
SENT_1042,"It burned a little when applied and made my face a little red, which is disappointing because it specifically says it is for sensitive skin.",COMPLAINT,val
SENT_1043,Database synchronization deadlocks whenever two editors modify document access permissions simultaneously. [Trace #1118],COMPLAINT,train
SENT_1044,The latest update v2.14 broke table pagination and silently wiped out our team's saved filtering presets. [Trace #1332],COMPLAINT,train
SENT_1045,The automated billing module charged our card twice this cycle and failed to deliver an itemized PDF invoice. [Trace #1316],COMPLAINT,train
SENT_1046,Lately my skin has been very dry and I have a lot of redness.,COMPLAINT,train
SENT_1047,first of all the patches are super tiny and don’t cover a lot of surface but the worst was the sticking border that was impossible to take of my skin and hurted my delicate skin around the eyes...,COMPLAINT,train
SENT_1048,It broke me out.,COMPLAINT,train
SENT_1049,Gave my skin a beautiful glow and I love it only needs to be used once or twice a week.,RECOMMENDATION,train
SENT_1050,My son ended up using this and finally it went back when I realized we could do better.,NEUTRAL_NOISE,train
SENT_1051,Should offer a granular role-based access control (RBAC) permission matrix for external auditors. [Feature Req #617],RECOMMENDATION,train
SENT_1052,I returned this stuff because I broke out terribly and I do not have acne to begin with.,COMPLAINT,train
SENT_1053,Hands down the best REST API documentation and developer sandbox experience in the enterprise software space. [Feedback #386],PRAISE,train
SENT_1054,Seamless integration with PostgreSQL and pgvector; worked right out of the box with zero runtime bugs. [Feedback #371],PRAISE,train
SENT_1055,The default account settings were populated by our internal compliance administrator yesterday. [Log #105],NEUTRAL_NOISE,train
SENT_1056,The organization renews our annual licensing agreement on the first business day of October. [Log #118],NEUTRAL_NOISE,train
SENT_1057,Hands down the best REST API documentation and developer sandbox experience in the enterprise software space. [Feedback #302],PRAISE,val
SENT_1058,"The web client crashes with an uncaught runtime error when exporting more than 10,000 records to CSV. [Trace #1145]",COMPLAINT,val
SENT_1059,I wish I had gotten another large sample.,RECOMMENDATION,train
SENT_1060,The migration from our legacy database was blazingly fast and completed with zero unplanned downtime. [Feedback #337],PRAISE,train
SENT_1061,Our engineering team has been deployed on the enterprise tier for approximately three fiscal quarters. [Log #166],NEUTRAL_NOISE,train
SENT_1062,"Experiencing a severe memory leak in the desktop background worker, consuming 4GB RAM after two hours. [Trace #1027]",COMPLAINT,train
SENT_1063,Attachments larger than 15MB fail to upload with a cryptic network timeout error and no retry option. [Trace #1031],COMPLAINT,train
SENT_1064,The automated billing module charged our card twice this cycle and failed to deliver an itemized PDF invoice. [Trace #1304],COMPLAINT,val
SENT_1065,Feature request: please consider adding bulk user provisioning and deprovisioning via SCIM API endpoints. [Feature Req #506],RECOMMENDATION,train
SENT_1066,"Five stars for performance; complex aggregation queries across 500,000 rows return in under 35 milliseconds. [Feedback #456]",PRAISE,train
SENT_1067,My skin looks so hydrating and feels so soft .,PRAISE,train
SENT_1068,I just wish it smelled nicer,RECOMMENDATION,train
SENT_1069,As someone not prone to acne or breakouts that was a huge disappointment.,COMPLAINT,train
SENT_1070,This stuff is sooo greasy feeling.,COMPLAINT,train
SENT_1071,It would be helpful if the filter drawer remembered active column visibility across different browser sessions. [Feature Req #587],RECOMMENDATION,train
SENT_1072,Also i wish it came in a pump so you don’t have to squeeze it out.,RECOMMENDATION,train
SENT_1073,The default account settings were populated by our internal compliance administrator yesterday. [Log #135],NEUTRAL_NOISE,train
SENT_1074,I really regret using this sample.,COMPLAINT,train
SENT_1075,I actually love my freckles & I’m not looking to erase completely or anything but I do love how this brightened & evened things out!,PRAISE,train
SENT_1076,the reason I am giving it two starts is because I think this will be a good cream for oily skin and an okay one for normal skin.,COMPLAINT,train
SENT_1077,I ran out of face wash when I was on a trip and omg I was in love after a couple of uses.,PRAISE,val
SENT_1078,So hydrating and lovely.,PRAISE,val
SENT_1079,"When putting this mask on, it had a rough texture to the skin and very oily.",COMPLAINT,train
SENT_1080,No fragrance and the consistency is like water.,NEUTRAL_NOISE,train
SENT_1081,"SAML SSO authentication repeatedly times out on Safari, trapping enterprise users in an infinite login redirect loop. [Trace #1050]",COMPLAINT,val
SENT_1082,it pills a lot and the product ended up flaking off - my face just felt so dirty!,COMPLAINT,val
SENT_1083,when I woke up I had breakouts on both sides of my cheeks/my forehead and it took forever to clear up.,COMPLAINT,train
SENT_1084,Customer support answered our urgent ticket in under 4 minutes and hotfixed the permissions issue immediately. [Feedback #489],PRAISE,val
SENT_1085,"Texture is really thick, and while it did a great job of covering up my redness, using even a little bit left me looking sick and gray.",COMPLAINT,train
SENT_1086,It leaves u sticky and not anywhere near the “clean” feeling people rave about.,COMPLAINT,train
SENT_1087,The latest update v2.14 broke table pagination and silently wiped out our team's saved filtering presets. [Trace #1080],COMPLAINT,train
SENT_1088,"The material of my old sleep mask was drying out my forehead, so I gave in and bought this as an alternative.",COMPLAINT,val
SENT_1089,"This product also broke me out really bad, my skin was not happy with it and usually I can add products and be fine but not this serum.",COMPLAINT,train
SENT_1090,Customer support answered our urgent ticket in under 4 minutes and hotfixed the permissions issue immediately. [Feedback #501],PRAISE,train
SENT_1091,Attachments larger than 15MB fail to upload with a cryptic network timeout error and no retry option. [Trace #1139],COMPLAINT,val
SENT_1092,I absolutely am in love with this moisturizer!,PRAISE,train
SENT_1093,"Five stars for performance; complex aggregation queries across 500,000 rows return in under 35 milliseconds. [Feedback #312]",PRAISE,train
SENT_1094,Hands down the best REST API documentation and developer sandbox experience in the enterprise software space. [Feedback #308],PRAISE,val
SENT_1095,The migration from our legacy database was blazingly fast and completed with zero unplanned downtime. [Feedback #397],PRAISE,val
SENT_1096,"Doesn’t have a very distinct scent, so it would be great for people with sensitive skin.",RECOMMENDATION,train
SENT_1097,I hated this cleanser for my acne prone skin.,COMPLAINT,train
SENT_1098,when I bought it I thought it was a face mask I apply after cleansing and I didn’t know it was a overnight mask but having a over night mask made me fell in love with the product even more.,PRAISE,val
SENT_1099,Feature request: please consider adding bulk user provisioning and deprovisioning via SCIM API endpoints. [Feature Req #658],RECOMMENDATION,train
SENT_1100,"I have had no negative reactions with sensitive skin - wish it was cheaper to be honest, but  recommend nonetheless",RECOMMENDATION,train
SENT_1101,We configured the staging environment following the recommended infrastructure setup documentation. [Log #242],NEUTRAL_NOISE,train
SENT_1102,This is my absolute favorite product that I now own.,PRAISE,train
SENT_1103,The iOS mobile application completely freezes on the splash screen and fails to load offline dashboard cards. [Trace #1330],COMPLAINT,train
SENT_1104,"Experiencing a severe memory leak in the desktop background worker, consuming 4GB RAM after two hours. [Trace #1075]",COMPLAINT,val
SENT_1105,"Webhooks silently fail with HTTP 500 internal server error during peak usage hours, causing irreversible data loss in Salesforce. [Trace #1305]",COMPLAINT,val
SENT_1106,"it looks great under makeup but it stings my eyes… i didn’t put it around my eye area but if you use it and you sweat on your forehead, it will find it’s way to sting your eyes… i mostly use sunscreen for outdoors and i sweat so this doesn’t work for me.",COMPLAINT,train
SENT_1107,The search bar returns 0 results for exact SKU matches when special punctuation or hyphens are present. [Trace #1264],COMPLAINT,train
SENT_1108,It’s so oily and leaves a white cast on your face!,COMPLAINT,val
SENT_1109,I have been using the Murad acne line for about 6 months now and I have to say it is by far the best product line for adult acne.,PRAISE,train
SENT_1110,Still on the search for a moisturizing gel for my oily skin!,COMPLAINT,train
SENT_1111,The iOS mobile application completely freezes on the splash screen and fails to load offline dashboard cards. [Trace #1114],COMPLAINT,train
SENT_1112,"I also wish that the larger bottle was glass, as I feel the preservation of this item would be a bit different, as I store my homemade toner in glass  after I make it for preservation purposes especially since it’s 100% natural.",RECOMMENDATION,train
SENT_1113,Push notification latency is unacceptable; alert webhooks take over 40 minutes to notify on-call engineers. [Trace #1129],COMPLAINT,val
SENT_1114,"SAML SSO authentication repeatedly times out on Safari, trapping enterprise users in an infinite login redirect loop. [Trace #1170]",COMPLAINT,train
SENT_1115,"All opinions are 100% honest and my own, and no compensation was received.",NEUTRAL_NOISE,train
SENT_1116,Wish there was a dark mode theme for the analytics dashboard to ease eye fatigue during night shifts. [Feature Req #672],RECOMMENDATION,train
SENT_1117,I am very disappointed!!!,COMPLAINT,train
SENT_1118,I used it two times each day for a week until I noticed that it broke me out.,COMPLAINT,train
SENT_1119,"It doesn’t actually remove dead skin like it claims to be, it’s actually the product pilling.",COMPLAINT,train
SENT_1120,Started using this after a small breakout hoping it would help.,COMPLAINT,val
SENT_1121,"If you add too much on your face, you will feel sticky.",COMPLAINT,train
SENT_1122,Wish I could give a 4.5 rating.,RECOMMENDATION,train
SENT_1123,Full of silicones which breaks me out and sticky!,COMPLAINT,train
SENT_1124,The redesigned dashboard is super intuitive and saved our operations team over 10 hours every week. [Feedback #466],PRAISE,train
SENT_1125,Feature request: please consider adding bulk user provisioning and deprovisioning via SCIM API endpoints. [Feature Req #698],RECOMMENDATION,train
SENT_1126,after about two weeks however it developed the most horrible pungent smell ever.,COMPLAINT,train
SENT_1127,"First it was good because it covered the redness, and my acne looked much smaller and fewer.However, by the end of the day, my skin was super oily and my pores looked bigger than ever, I couldn’t wait to wash my face.I also noticed super small, but several breakouts around my cheeks and chin, so I’m afraid to use it again.",COMPLAINT,train
SENT_1128,"I am also using other products for pore reduction, but this product may be helping blur pores as well",NEUTRAL_NOISE,train
SENT_1129,I barely ever use any make up now because my skin is so smooth now !,PRAISE,train
SENT_1130,"I have very dry skin, and I loved the way this product felt on my skin, but unfortunately I broke out after about a week of using it.",COMPLAINT,train
SENT_1131,I’m so disappointed in the brand which I’ve loved in the past and Sephora.,COMPLAINT,train
SENT_1132,We configured the staging environment following the recommended infrastructure setup documentation. [Log #287],NEUTRAL_NOISE,val
SENT_1133,It would be helpful if the filter drawer remembered active column visibility across different browser sessions. [Feature Req #691],RECOMMENDATION,train
SENT_1134,i’m so upset and i wish i had seen another bad review that would’ve warned me against it.,RECOMMENDATION,train
SENT_1135,The redesigned dashboard is super intuitive and saved our operations team over 10 hours every week. [Feedback #394],PRAISE,val
SENT_1136,I’ve been using for about 3 months now and it works pretty well!,NEUTRAL_NOISE,train
SENT_1137,I was disappointed because I  was very excited to try a Tatcha product and it did not meet my expectations.,COMPLAINT,train
SENT_1138,"I never, even breakout, and this cream made me breakout terribly, with multiple pores clogged and pimples showing up after a couple of days of use.",COMPLAINT,train
SENT_1139,I just wish it came in a tube!!,RECOMMENDATION,train
SENT_1140,Should offer a granular role-based access control (RBAC) permission matrix for external auditors. [Feature Req #665],RECOMMENDATION,train
SENT_1141,I feel like my skin looks healthier and vibrant after using it.,NEUTRAL_NOISE,train
SENT_1142,The latest update v2.14 broke table pagination and silently wiped out our team's saved filtering presets. [Trace #1212],COMPLAINT,train
SENT_1143,I was eager to get this in the mail but this mask made my skin peel & it started drying it out,COMPLAINT,train
SENT_1144,Conducting integration testing across macOS Sonoma and Ubuntu Linux LTS virtual machine instances. [Log #274],NEUTRAL_NOISE,train
SENT_1145,"I love how luxurious it feels, and the result is clean, soft skin.",PRAISE,train
SENT_1146,The automated billing module charged our card twice this cycle and failed to deliver an itemized PDF invoice. [Trace #1256],COMPLAINT,train
SENT_1147,"It is greasy, breaks me out and leaves a waxy film on your skin for days.",COMPLAINT,train
SENT_1148,I also wish the product had a more sanitary way of getting the product out of the jar such as including a spatula like other skincare products that comes in jars.,RECOMMENDATION,train
SENT_1149,"First time I applied it, it gave me a burning sensation.",COMPLAINT,train
SENT_1150,The migration from our legacy database was blazingly fast and completed with zero unplanned downtime. [Feedback #517],PRAISE,train
SENT_1151,Attachments larger than 15MB fail to upload with a cryptic network timeout error and no retry option. [Trace #1235],COMPLAINT,train
SENT_1152,"I have not formed a full opinion and plan on coming back with a better opinion in whether or not I get a second bottle, when the bottle is out.",NEUTRAL_NOISE,train
SENT_1153,Seamless integration with PostgreSQL and pgvector; worked right out of the box with zero runtime bugs. [Feedback #437],PRAISE,train
SENT_1154,"Five stars for performance; complex aggregation queries across 500,000 rows return in under 35 milliseconds. [Feedback #396]",PRAISE,train
SENT_1155,The redesigned dashboard is super intuitive and saved our operations team over 10 hours every week. [Feedback #346],PRAISE,train
SENT_1156,"The morning after I used it, my skin did look brighter and more supple and glowing.",PRAISE,train
SENT_1157,To combat this issue I’ve been using it exclusively in the shower so to keep the product from getting contaminated I pour a bit into a cup and sit it nearby before I get in the shower.,NEUTRAL_NOISE,train
SENT_1158,"I like this packaging I wish it came with 10 ml of the hydration serum instead of just three ml ,  but definitely love this set!",RECOMMENDATION,train
SENT_1159,"found this serum to be too harsh for my skin, after a few uses my skin broke out.",COMPLAINT,train
SENT_1160,Should offer a granular role-based access control (RBAC) permission matrix for external auditors. [Feature Req #657],RECOMMENDATION,train
SENT_1161,I’m disappointed with Sephora that I called yesterday and the return policy is from point of purchase when it took a month for the items to even get to me.,COMPLAINT,train
SENT_1162,The latest update v2.14 broke table pagination and silently wiped out our team's saved filtering presets. [Trace #1188],COMPLAINT,train
SENT_1163,Way too oily for my skin.,COMPLAINT,train
SENT_1164,Hands down the best REST API documentation and developer sandbox experience in the enterprise software space. [Feedback #332],PRAISE,train
SENT_1165,This has been a holy grail amazing product!!,PRAISE,train
SENT_1166,I experienced so much more redness and longer periods (time release) than with any other cleanser.,COMPLAINT,train
SENT_1167,It would be helpful if the filter drawer remembered active column visibility across different browser sessions. [Feature Req #603],RECOMMENDATION,train
SENT_1168,The default account settings were populated by our internal compliance administrator yesterday. [Log #295],NEUTRAL_NOISE,train
SENT_1169,"Doesn’t hydrate my lip, my lip looks wrinkled, dehydrated after applied this, and it peeled.",COMPLAINT,train
SENT_1170,I bought it cause the reviews and I feel so disappointed about it,COMPLAINT,train
SENT_1171,It would be great if you allowed custom webhook request headers for HMAC signature verification. [Feature Req #614],RECOMMENDATION,train
SENT_1172,Customer support answered our urgent ticket in under 4 minutes and hotfixed the permissions issue immediately. [Feedback #393],PRAISE,train
SENT_1173,"Girl are you kidding I used to reapply Carmex every second, wish I knew about this sooner!",RECOMMENDATION,train
SENT_1174,I finally found my holy grail!,PRAISE,train
SENT_1175,The default account settings were populated by our internal compliance administrator yesterday. [Log #110],NEUTRAL_NOISE,train
SENT_1176,Could improve incident collaboration by adding bi-directional Slack and Microsoft Teams notification bots. [Feature Req #668],RECOMMENDATION,train
SENT_1177,This product pills A LOT.,COMPLAINT,train
SENT_1178,It would be great if you allowed custom webhook request headers for HMAC signature verification. [Feature Req #526],RECOMMENDATION,train
SENT_1179,The iOS mobile application completely freezes on the splash screen and fails to load offline dashboard cards. [Trace #1102],COMPLAINT,train
SENT_1180,"The web client crashes with an uncaught runtime error when exporting more than 10,000 records to CSV. [Trace #1109]",COMPLAINT,train
SENT_1181,Audit log downloads truncate foreign unicode characters and corrupt Japanese and German customer records. [Trace #1227],COMPLAINT,train
SENT_1182,I have oily to combination skin & I notice that this made my skin even more oilier.,COMPLAINT,val
SENT_1183,"The web client crashes with an uncaught runtime error when exporting more than 10,000 records to CSV. [Trace #1289]",COMPLAINT,train
SENT_1184,I love how smooth and hydrated my skin feels even after just one use.,PRAISE,train
SENT_1185,Our engineering team has been deployed on the enterprise tier for approximately three fiscal quarters. [Log #221],NEUTRAL_NOISE,train
SENT_1186,Audit log downloads truncate foreign unicode characters and corrupt Japanese and German customer records. [Trace #1047],COMPLAINT,val
SENT_1187,"My skin has seriously never looked better, it’s so smooth, hydrated, and just looks so healthy!",PRAISE,train
SENT_1188,We configured the staging environment following the recommended infrastructure setup documentation. [Log #247],NEUTRAL_NOISE,train
SENT_1189,"Webhooks silently fail with HTTP 500 internal server error during peak usage hours, causing irreversible data loss in Salesforce. [Trace #1281]",COMPLAINT,train
SENT_1190,"Five stars for performance; complex aggregation queries across 500,000 rows return in under 35 milliseconds. [Feedback #306]",PRAISE,train
SENT_1191,Would love to see an automated daily export integration to Snowflake and Google BigQuery warehouses. [Feature Req #639],RECOMMENDATION,train
SENT_1192,I wish I’d taken before and after pictures.,RECOMMENDATION,train
SENT_1193,Customer support answered our urgent ticket in under 4 minutes and hotfixed the permissions issue immediately. [Feedback #453],PRAISE,train
SENT_1194,Audit log downloads truncate foreign unicode characters and corrupt Japanese and German customer records. [Trace #1299],COMPLAINT,train
SENT_1195,"Webhooks silently fail with HTTP 500 internal server error during peak usage hours, causing irreversible data loss in Salesforce. [Trace #1341]",COMPLAINT,train
SENT_1196,"I don’t understand how this is marketed as a moisturizer for oily skin, it does nothing to help with oil.",COMPLAINT,train
SENT_1197,"Not a single pimple, my face is dewy, glowing,  and soft and my bags are improved.",PRAISE,train
SENT_1198,The iOS mobile application completely freezes on the splash screen and fails to load offline dashboard cards. [Trace #1306],COMPLAINT,val
SENT_1199,My face feels soft the next morning.,NEUTRAL_NOISE,train
SENT_1200,It’s very greasy and migrates all over.,COMPLAINT,train
SENT_1201,I used it at night and it had a sting to it.,NEUTRAL_NOISE,train
SENT_1202,Wish there was a dark mode theme for the analytics dashboard to ease eye fatigue during night shifts. [Feature Req #504],RECOMMENDATION,train
SENT_1203,"Pros to the product are that it isn’t drying and has a decent scent, if you don’t mind cucumber.",COMPLAINT,train
SENT_1204,"This moisturizer hydrates well, but it leaves my skin oily and shiny",COMPLAINT,train
SENT_1205,"Webhooks silently fail with HTTP 500 internal server error during peak usage hours, causing irreversible data loss in Salesforce. [Trace #1089]",COMPLAINT,train
SENT_1206,Overall I would still rely on acne spot creams if you would like an immediate result.,RECOMMENDATION,val
SENT_1207,It would be helpful if the filter drawer remembered active column visibility across different browser sessions. [Feature Req #571],RECOMMENDATION,train
SENT_1208,Audit log downloads truncate foreign unicode characters and corrupt Japanese and German customer records. [Trace #1143],COMPLAINT,train
SENT_1209,We configured the staging environment following the recommended infrastructure setup documentation. [Log #127],NEUTRAL_NOISE,train
SENT_1210,Please add native support for OAuth 2.0 PKCE and multi-tenant Okta SSO in the next enterprise release. [Feature Req #645],RECOMMENDATION,train
SENT_1211,Customer support answered our urgent ticket in under 4 minutes and hotfixed the permissions issue immediately. [Feedback #327],PRAISE,train
SENT_1212,Attachments larger than 15MB fail to upload with a cryptic network timeout error and no retry option. [Trace #1271],COMPLAINT,train
SENT_1213,Do not purchase this cream if you have combination skin that leans towards oily skin.,COMPLAINT,train
SENT_1214,The reason that I gave it 4 stars is because I wish that it didn’t have scent in the ingredients.,RECOMMENDATION,val
SENT_1215,"This moisturizer is so so hydrating, probably better for dry or combination skin.",PRAISE,train
SENT_1216,Haven’t had acne or redness in a long time.,COMPLAINT,val
SENT_1217,I have dry skin and this cream is very moisturizing and makes my face feel fresh sand hydrated in the morning.,NEUTRAL_NOISE,val
SENT_1218,"I love everything about it, and I think it would be great for all skin types!",RECOMMENDATION,val
SENT_1219,"I’ve been using this twice a day for about 14 days now, concentrating on my forehead area and between my brows.",NEUTRAL_NOISE,train
SENT_1220,This night cream used to be thicker and stayed on my face through the night.,NEUTRAL_NOISE,train
SENT_1221,Customer support answered our urgent ticket in under 4 minutes and hotfixed the permissions issue immediately. [Feedback #429],PRAISE,train
SENT_1222,"Webhooks silently fail with HTTP 500 internal server error during peak usage hours, causing irreversible data loss in Salesforce. [Trace #1233]",COMPLAINT,val
SENT_1223,I only wish it was thicker.,RECOMMENDATION,val
SENT_1224,The iOS mobile application completely freezes on the splash screen and fails to load offline dashboard cards. [Trace #1270],COMPLAINT,train
SENT_1225,Seamless integration with PostgreSQL and pgvector; worked right out of the box with zero runtime bugs. [Feedback #485],PRAISE,train
SENT_1226,"The web client crashes with an uncaught runtime error when exporting more than 10,000 records to CSV. [Trace #1169]",COMPLAINT,train
SENT_1227,The perfect way to start my morning beauty ritual.,NEUTRAL_NOISE,train
SENT_1228,I wish 1000 cal mascara would come back by max factor.,RECOMMENDATION,train
SENT_1229,Was gifted this product and I’m in love!,PRAISE,train
SENT_1230,The default account settings were populated by our internal compliance administrator yesterday. [Log #150],NEUTRAL_NOISE,train
SENT_1231,"I don’t mind it, but it is strong.I received this product complimentary for sampling purposes but all opinions are my own.",NEUTRAL_NOISE,train
SENT_1232,It was so hydrating and light weight.,PRAISE,train
SENT_1233,I only wish it came in a tube instead of a tub.,RECOMMENDATION,train
SENT_1234,Database synchronization deadlocks whenever two editors modify document access permissions simultaneously. [Trace #1202],COMPLAINT,train
SENT_1235,"Layers fine for me under makeup.10/10 recommend I, for the first time in almost six years, have felt confident leaving my house with no makeup.",PRAISE,train
SENT_1236,Would love to see an automated daily export integration to Snowflake and Google BigQuery warehouses. [Feature Req #543],RECOMMENDATION,train
SENT_1237,Would love to see an automated daily export integration to Snowflake and Google BigQuery warehouses. [Feature Req #527],RECOMMENDATION,train
SENT_1238,"SAML SSO authentication repeatedly times out on Safari, trapping enterprise users in an infinite login redirect loop. [Trace #1146]",COMPLAINT,train
SENT_1239,The latest update v2.14 broke table pagination and silently wiped out our team's saved filtering presets. [Trace #1032],COMPLAINT,val
SENT_1240,Wish they would fix this because it would be a 10/10 for me.,RECOMMENDATION,train
SENT_1241,"I wasn’t sure how I would feel about the “jelly” texture and how that would work, but it does and is so hydrating.",PRAISE,train
SENT_1242,Could improve incident collaboration by adding bi-directional Slack and Microsoft Teams notification bots. [Feature Req #676],RECOMMENDATION,train
SENT_1243,"It also left a nice scar due to my hyperpigmentation problem...went to Sephora and asked what was good for a scar, this was the suggestion I was given.",RECOMMENDATION,val
SENT_1244,I use 2-3 pumps and put it on after my sunscreen (which I apply after my moisturizer) as directed (“apply Dreamskin as the last step in your skincare routine“).,NEUTRAL_NOISE,train
SENT_1245,The texture feels very creamy; I love how it feels on my skin.,PRAISE,train
SENT_1246,I love how after every use my skin feels so soft.,PRAISE,train
SENT_1247,The search bar returns 0 results for exact SKU matches when special punctuation or hyphens are present. [Trace #1036],COMPLAINT,train
SENT_1248,I received this product complimentary from Influenster for my honest review.,NEUTRAL_NOISE,train
SENT_1249,It would be helpful if the filter drawer remembered active column visibility across different browser sessions. [Feature Req #675],RECOMMENDATION,val
SENT_1250,Please add native support for OAuth 2.0 PKCE and multi-tenant Okta SSO in the next enterprise release. [Feature Req #637],RECOMMENDATION,val
SENT_1251,Feature request: please consider adding bulk user provisioning and deprovisioning via SCIM API endpoints. [Feature Req #674],RECOMMENDATION,val
SENT_1252,Should offer a granular role-based access control (RBAC) permission matrix for external auditors. [Feature Req #641],RECOMMENDATION,val
SENT_1253,Hands down the best REST API documentation and developer sandbox experience in the enterprise software space. [Feedback #368],PRAISE,train
SENT_1254,"The web client crashes with an uncaught runtime error when exporting more than 10,000 records to CSV. [Trace #1253]",COMPLAINT,train
SENT_1255,Seamless integration with PostgreSQL and pgvector; worked right out of the box with zero runtime bugs. [Feedback #419],PRAISE,train
SENT_1256,The migration from our legacy database was blazingly fast and completed with zero unplanned downtime. [Feedback #475],PRAISE,train
SENT_1257,Push notification latency is unacceptable; alert webhooks take over 40 minutes to notify on-call engineers. [Trace #1237],COMPLAINT,train
SENT_1258,It’s not great at nutriting my lips by itself so i have to use a lip balm before using but overall it gets the job done at night i think,NEUTRAL_NOISE,train
SENT_1259,unfortunately i immediately broke out in a rash/hives that made my under eyes burn after application and i had to wipe it off right away!,COMPLAINT,val
SENT_1260,"Webhooks silently fail with HTTP 500 internal server error during peak usage hours, causing irreversible data loss in Salesforce. [Trace #1173]",COMPLAINT,train
SENT_1261,"From the picture provided, I was under the impression that a pump was supposed to come with the bottle.",NEUTRAL_NOISE,train
SENT_1262,Database synchronization deadlocks whenever two editors modify document access permissions simultaneously. [Trace #1286],COMPLAINT,train
SENT_1263,This product is my holy grail in my skin routine!,PRAISE,train
SENT_1264,Feature request: please consider adding bulk user provisioning and deprovisioning via SCIM API endpoints. [Feature Req #682],RECOMMENDATION,train
SENT_1265,It smells terrible and it made me break out so badly that I looked like I did when I was a teenager on anti-acne medication.,COMPLAINT,train
SENT_1266,I’m not sure if it improved my skin but it was sticky and made my face shiny.,COMPLAINT,train
SENT_1267,Push notification latency is unacceptable; alert webhooks take over 40 minutes to notify on-call engineers. [Trace #1141],COMPLAINT,train
SENT_1268,"The packaging could be better: the bottle feels cheap, and a pump-style dispenser would have been better than a dropper, given the consistency of the serum.",NEUTRAL_NOISE,val
SENT_1269,Hands down the best REST API documentation and developer sandbox experience in the enterprise software space. [Feedback #410],PRAISE,train
SENT_1270,This was gifted to me by the brand but I purchased this product on my own before and love it!,NEUTRAL_NOISE,val
SENT_1271,Audit log downloads truncate foreign unicode characters and corrupt Japanese and German customer records. [Trace #1215],COMPLAINT,train
SENT_1272,Just wish it was re formulated to appear clear,RECOMMENDATION,train
SENT_1273,Hands down the best REST API documentation and developer sandbox experience in the enterprise software space. [Feedback #500],PRAISE,train
SENT_1274,I tried it and it broke me out in the 2nd week of using it.,COMPLAINT,train
SENT_1275,It’s good for someone who is looking for a basic moisturizer but I would prefer something that has some anti aging and/or brightening properties.,RECOMMENDATION,train
SENT_1276,"The web client crashes with an uncaught runtime error when exporting more than 10,000 records to CSV. [Trace #1025]",COMPLAINT,train
SENT_1277,She didn’t notice too much difference with her skin after a month of using this but she did appreciate the price wasn’t too crazy.,NEUTRAL_NOISE,train
SENT_1278,"It’s thicker than other serums I’ve used, almost the consistency of a lightweight moisturizer, with a dimethicone-like texture.",NEUTRAL_NOISE,train
SENT_1279,The organization renews our annual licensing agreement on the first business day of October. [Log #193],NEUTRAL_NOISE,train
SENT_1280,I wish I did more research before paying for it.,RECOMMENDATION,train
SENT_1281,Please add native support for OAuth 2.0 PKCE and multi-tenant Okta SSO in the next enterprise release. [Feature Req #621],RECOMMENDATION,train
SENT_1282,It would be great if you allowed custom webhook request headers for HMAC signature verification. [Feature Req #598],RECOMMENDATION,train
SENT_1283,The migration from our legacy database was blazingly fast and completed with zero unplanned downtime. [Feedback #307],PRAISE,train
SENT_1284,It makes my lips feel so smooth and fresh.,PRAISE,train
SENT_1285,Broke me out and didn’t remove my makeup properly.,COMPLAINT,val
SENT_1286,The iOS mobile application completely freezes on the splash screen and fails to load offline dashboard cards. [Trace #1150],COMPLAINT,train
SENT_1287,"This is not a good product , it leaves a sticky feeling on your face and hands after applying it , also I feel it gives me no moisture or glow like the bottle claims .",COMPLAINT,train
SENT_1288,"I am in love with this moisturizer, which nourishes and moisturizes the skin.",PRAISE,train
SENT_1289,It was the worst experience of my life.,COMPLAINT,val
SENT_1290,We configured the staging environment following the recommended infrastructure setup documentation. [Log #237],NEUTRAL_NOISE,val
SENT_1291,"SAML SSO authentication repeatedly times out on Safari, trapping enterprise users in an infinite login redirect loop. [Trace #1206]",COMPLAINT,train
SENT_1292,I have been using it for about 3 weeks and it has definitely become part of my skincare routine.,NEUTRAL_NOISE,val
SENT_1293,It would be great if you allowed custom webhook request headers for HMAC signature verification. [Feature Req #502],RECOMMENDATION,val
SENT_1294,The default account settings were populated by our internal compliance administrator yesterday. [Log #190],NEUTRAL_NOISE,val
SENT_1295,Database synchronization deadlocks whenever two editors modify document access permissions simultaneously. [Trace #1094],COMPLAINT,train
SENT_1296,The search bar returns 0 results for exact SKU matches when special punctuation or hyphens are present. [Trace #1156],COMPLAINT,train
SENT_1297,Customer support answered our urgent ticket in under 4 minutes and hotfixed the permissions issue immediately. [Feedback #507],PRAISE,train
SENT_1298,Conducting integration testing across macOS Sonoma and Ubuntu Linux LTS virtual machine instances. [Log #259],NEUTRAL_NOISE,train
SENT_1299,My only caveat is that I wish it came in a large jar or tube.,RECOMMENDATION,val
SENT_1300,"I tried the product a few times, and all 3 times resulted in cystic acne in places I don’t normally ever break out.",COMPLAINT,train
SENT_1301,Push notification latency is unacceptable; alert webhooks take over 40 minutes to notify on-call engineers. [Trace #1189],COMPLAINT,train
SENT_1302,"I also made the mistake of putting  it on top of Tata Harper repairative moisturizer, and it was a terrible combo.",COMPLAINT,train
SENT_1303,"SAML SSO authentication repeatedly times out on Safari, trapping enterprise users in an infinite login redirect loop. [Trace #1218]",COMPLAINT,train
SENT_1304,It would be great if you allowed custom webhook request headers for HMAC signature verification. [Feature Req #550],RECOMMENDATION,train
SENT_1305,Our engineering team has been deployed on the enterprise tier for approximately three fiscal quarters. [Log #121],NEUTRAL_NOISE,train
SENT_1306,"I left the product on my face half of the day using blotting paper, tissues all day trying to absorb the oil from my eyelids and nostrils.",NEUTRAL_NOISE,train
SENT_1307,I washed it all off and did a patch on my arm and within 24 hours I had a rash that lasted a few days.,COMPLAINT,train
SENT_1308,It would be helpful if the filter drawer remembered active column visibility across different browser sessions. [Feature Req #555],RECOMMENDATION,train
SENT_1309,The iOS mobile application completely freezes on the splash screen and fails to load offline dashboard cards. [Trace #1198],COMPLAINT,train
SENT_1310,"SAML SSO authentication repeatedly times out on Safari, trapping enterprise users in an infinite login redirect loop. [Trace #1254]",COMPLAINT,train
SENT_1311,Customer support answered our urgent ticket in under 4 minutes and hotfixed the permissions issue immediately. [Feedback #339],PRAISE,train
SENT_1312,The texture feels more like a very light sunscreen (pale yellow pearlescent) rather than a smooth serum.,NEUTRAL_NOISE,train
SENT_1313,I wish I had found it 20 years ago.,RECOMMENDATION,train
SENT_1314,I received this complimentary for sampling but it definitely made my under eyes look much brighter and the metal applicator felt amazing under my eyes.,NEUTRAL_NOISE,train
SENT_1315,"SAML SSO authentication repeatedly times out on Safari, trapping enterprise users in an infinite login redirect loop. [Trace #1098]",COMPLAINT,train
SENT_1316,Push notification latency is unacceptable; alert webhooks take over 40 minutes to notify on-call engineers. [Trace #1033],COMPLAINT,train
SENT_1317,I have fallen in love with this product.,PRAISE,val
SENT_1318,My face is so smooth and my acne is almost gone.,PRAISE,val
SENT_1319,I’ve been use jet lag as a moisturizer for the past two weeks and I’m in love!!,PRAISE,val
SENT_1320,"I’ve been buying this Coconut Lip Balm for a a couple years and multiples at a time...was disappointed to see right off the bat that this has changed...okay with new packaging but the formula is different, not as moisturizing and shiny AND worst of all, it smells to me like Play-do now.",COMPLAINT,train
SENT_1321,"After only one use, I am in love with this mask!",PRAISE,val
SENT_1322,Conducting integration testing across macOS Sonoma and Ubuntu Linux LTS virtual machine instances. [Log #289],NEUTRAL_NOISE,val
SENT_1323,The redesigned dashboard is super intuitive and saved our operations team over 10 hours every week. [Feedback #358],PRAISE,train
SENT_1324,"The web client crashes with an uncaught runtime error when exporting more than 10,000 records to CSV. [Trace #1157]",COMPLAINT,val
SENT_1325,Could improve incident collaboration by adding bi-directional Slack and Microsoft Teams notification bots. [Feature Req #620],RECOMMENDATION,train
SENT_1326,Would love to see an automated daily export integration to Snowflake and Google BigQuery warehouses. [Feature Req #575],RECOMMENDATION,val
SENT_1327,Seamless integration with PostgreSQL and pgvector; worked right out of the box with zero runtime bugs. [Feedback #353],PRAISE,val
SENT_1328,I received this product complimentary to review.,NEUTRAL_NOISE,val
SENT_1329,The iOS mobile application completely freezes on the splash screen and fails to load offline dashboard cards. [Trace #1210],COMPLAINT,train
SENT_1330,The iOS mobile application completely freezes on the splash screen and fails to load offline dashboard cards. [Trace #1066],COMPLAINT,train
SENT_1331,Instant pilling and it was unmanageable under my make-up.,COMPLAINT,train
SENT_1332,Please add native support for OAuth 2.0 PKCE and multi-tenant Okta SSO in the next enterprise release. [Feature Req #693],RECOMMENDATION,train
SENT_1333,It doesn’t feel greasy but I think at night I would like to use a heavier cream.,RECOMMENDATION,train
SENT_1334,The search bar returns 0 results for exact SKU matches when special punctuation or hyphens are present. [Trace #1168],COMPLAINT,train
SENT_1335,Attachments larger than 15MB fail to upload with a cryptic network timeout error and no retry option. [Trace #1175],COMPLAINT,train
SENT_1336,I usually put it on after my shower and my face will feel moisturized until the following night which is super impressive.,NEUTRAL_NOISE,train
SENT_1337,I use the JM Argan oil as I’ve used one bottle and just re-ordered another with this purchase.,NEUTRAL_NOISE,train
SENT_1338,"The web client crashes with an uncaught runtime error when exporting more than 10,000 records to CSV. [Trace #1049]",COMPLAINT,train
SENT_1339,Would love to see an automated daily export integration to Snowflake and Google BigQuery warehouses. [Feature Req #503],RECOMMENDATION,train
SENT_1340,Seamless integration with PostgreSQL and pgvector; worked right out of the box with zero runtime bugs. [Feedback #503],PRAISE,val
SENT_1341,Please add native support for OAuth 2.0 PKCE and multi-tenant Okta SSO in the next enterprise release. [Feature Req #597],RECOMMENDATION,train
SENT_1342,I noticed pimples forming around my mouth from this and so did all my friends who bought this.,NEUTRAL_NOISE,val
SENT_1343,Hands down the best REST API documentation and developer sandbox experience in the enterprise software space. [Feedback #398],PRAISE,val
SENT_1344,I spray some on in the morning and it refreshes my whole face.,NEUTRAL_NOISE,train
SENT_1345,I’m in love with this moisturizer!,PRAISE,train
SENT_1346,Love how this cleanser feels on my skin!,PRAISE,train
SENT_1347,It also isn’t as moisturizing as i wish it was.,RECOMMENDATION,train
SENT_1348,"It made my skin oily, feel gross, and doubled the amount of acne spots on my face.",COMPLAINT,train
SENT_1349,I thought I was allergic to it so I gave it a test on my arm to see if I’d get a reaction but I didn’t.,COMPLAINT,train
SENT_1350,Seamless integration with PostgreSQL and pgvector; worked right out of the box with zero runtime bugs. [Feedback #383],PRAISE,val
SENT_1351,"The only think I don’t like about the actual product is I wish it was a little tiny bit thicker so it actually feels like you’re applying something to your face, and you can just use your hands to apply.",RECOMMENDATION,train
SENT_1352,"I really appreciate this product, just wish it was cheaper :)",RECOMMENDATION,train
SENT_1353,"Very disappointed, at least it was a cheap buy and I didn’t waste my money.",COMPLAINT,train
SENT_1354,Attachments larger than 15MB fail to upload with a cryptic network timeout error and no retry option. [Trace #1043],COMPLAINT,val
SENT_1355,Seamless integration with PostgreSQL and pgvector; worked right out of the box with zero runtime bugs. [Feedback #461],PRAISE,train
SENT_1356,Wish there was a dark mode theme for the analytics dashboard to ease eye fatigue during night shifts. [Feature Req #552],RECOMMENDATION,train
SENT_1357,It would be helpful if the filter drawer remembered active column visibility across different browser sessions. [Feature Req #531],RECOMMENDATION,train
SENT_1358,Skin feels so smooth after a couples uses.,PRAISE,train
SENT_1359,"The strawberry smells good, but has an oily background smell once you have it on.",COMPLAINT,val
SENT_1360,Push notification latency is unacceptable; alert webhooks take over 40 minutes to notify on-call engineers. [Trace #1297],COMPLAINT,val
SENT_1361,I used this product straight for a week both morning and night.,NEUTRAL_NOISE,val
SENT_1362,Wish there was a dark mode theme for the analytics dashboard to ease eye fatigue during night shifts. [Feature Req #640],RECOMMENDATION,train
SENT_1363,Conducting integration testing across macOS Sonoma and Ubuntu Linux LTS virtual machine instances. [Log #179],NEUTRAL_NOISE,train
SENT_1364,"did nothing for me been using for months, if anything it broke me out even more",COMPLAINT,train
SENT_1365,This product is not hydrating enough at all and I have oily to combination skin.,COMPLAINT,train
SENT_1366,Our engineering team has been deployed on the enterprise tier for approximately three fiscal quarters. [Log #276],NEUTRAL_NOISE,train
SENT_1367,As a matter of fact my skin was glowing !,PRAISE,val
SENT_1368,Conducting integration testing across macOS Sonoma and Ubuntu Linux LTS virtual machine instances. [Log #254],NEUTRAL_NOISE,train
SENT_1369,It would be helpful if the filter drawer remembered active column visibility across different browser sessions. [Feature Req #595],RECOMMENDATION,train
SENT_1370,"I can’t really say if it is doing much to my skin, I see subtle improvement to my skin but I don’t know if it is because of the other products I have contributed to my routine as well as drinking more water.",NEUTRAL_NOISE,train
SENT_1371,Feature request: please consider adding bulk user provisioning and deprovisioning via SCIM API endpoints. [Feature Req #722],RECOMMENDATION,train
SENT_1372,I love how smooth and silky it is.,PRAISE,train
SENT_1373,"Smells good and provided gentle exfoliation, no sharp pieces, but had to return because it really dried out my skin.",COMPLAINT,train
SENT_1374,I received this product as a free sample.,NEUTRAL_NOISE,train
SENT_1375,"The one thing that I wish could be better would be for it to be a bit more moisturizing, so I could use it to correct the redness on my eczema patches without irritating and causing scaling.",RECOMMENDATION,train
SENT_1376,Huge fan of Skinfix products and the brand new Triple Lipid + Collagen Activating Serum $50/1oz does not disappoint!It is a moderately priced serum that delivers on its promise of smooth hydrated skin within an hour and worth every penny.,PRAISE,train
SENT_1377,I’m hydrated the next day like literally glowing,PRAISE,train
SENT_1378,The organization renews our annual licensing agreement on the first business day of October. [Log #108],NEUTRAL_NOISE,val
SENT_1379,The redesigned dashboard is super intuitive and saved our operations team over 10 hours every week. [Feedback #328],PRAISE,train
SENT_1380,It is so hydrating!,PRAISE,val
SENT_1381,I didn’t think I would love this as much as I do.,RECOMMENDATION,train
SENT_1382,"Experiencing a severe memory leak in the desktop background worker, consuming 4GB RAM after two hours. [Trace #1099]",COMPLAINT,train
SENT_1383,not sure if it’s totally necessary but it’s a nice addition to my skincare routine,NEUTRAL_NOISE,train
SENT_1384,Seamless integration with PostgreSQL and pgvector; worked right out of the box with zero runtime bugs. [Feedback #365],PRAISE,train
SENT_1385,"I absolutely LOVE how this moisturizer makes my face feel, like I dipped it in a cool glass of water on a hot summer day.",PRAISE,train
SENT_1386,This broke me out something fierce.,COMPLAINT,train
SENT_1387,I wish he would have been honest.,RECOMMENDATION,train
SENT_1388,Our engineering team has been deployed on the enterprise tier for approximately three fiscal quarters. [Log #211],NEUTRAL_NOISE,train
SENT_1389,I use this morning and night and have loved the way my skin looks and feels after it.,NEUTRAL_NOISE,train
SENT_1390,This eye cream really does feel like silk when applied to skin it is so smooth.,PRAISE,train
SENT_1391,Conducting integration testing across macOS Sonoma and Ubuntu Linux LTS virtual machine instances. [Log #219],NEUTRAL_NOISE,train
SENT_1392,"Just because this didn’t work for me, doesn’t mean it won’t work for you, but here’s my story: I thought this product was working at first but then I noticed more breakouts than I usually get.",COMPLAINT,train
SENT_1393,I received this product for free to try from Influenster.,NEUTRAL_NOISE,train
SENT_1394,It would be great if you allowed custom webhook request headers for HMAC signature verification. [Feature Req #670],RECOMMENDATION,train
SENT_1395,The organization renews our annual licensing agreement on the first business day of October. [Log #218],NEUTRAL_NOISE,val
SENT_1396,I truly feel this cleanser is the holy grail for acne prone skin.,PRAISE,train
SENT_1397,"Overall would recommend, just wish it was better at melting away mascara.",RECOMMENDATION,train
SENT_1398,"The web client crashes with an uncaught runtime error when exporting more than 10,000 records to CSV. [Trace #1277]",COMPLAINT,train
SENT_1399,"SAML SSO authentication repeatedly times out on Safari, trapping enterprise users in an infinite login redirect loop. [Trace #1326]",COMPLAINT,train
SENT_1400,"Noticed breakouts on my forehead the morning after the first time using it, but maybe it was just a coincidence.",COMPLAINT,train
SENT_1401,I wish it was a larger size because it’s easy to go through it quickly.,RECOMMENDATION,train
SENT_1402,I was very disappointed with this product.,COMPLAINT,train
SENT_1403,Attachments larger than 15MB fail to upload with a cryptic network timeout error and no retry option. [Trace #1067],COMPLAINT,val
SENT_1404,The search bar returns 0 results for exact SKU matches when special punctuation or hyphens are present. [Trace #1192],COMPLAINT,train
SENT_1405,Hands down the best REST API documentation and developer sandbox experience in the enterprise software space. [Feedback #470],PRAISE,val
SENT_1406,I am in love with this product.,PRAISE,train
SENT_1407,The redesigned dashboard is super intuitive and saved our operations team over 10 hours every week. [Feedback #478],PRAISE,train
SENT_1408,Our engineering team has been deployed on the enterprise tier for approximately three fiscal quarters. [Log #176],NEUTRAL_NOISE,train
SENT_1409,This seriously has made my skin so smooth.,PRAISE,train
SENT_1410,"It’s unscented, so it smells a little clinical, but its definitely great for sensitive skin!",NEUTRAL_NOISE,train
SENT_1411,I’ve never hated a serum as much as I hate this one.,COMPLAINT,train
SENT_1412,I received a small jar of this as a reward.,NEUTRAL_NOISE,train
SENT_1413,The migration from our legacy database was blazingly fast and completed with zero unplanned downtime. [Feedback #301],PRAISE,train
SENT_1414,I broke out in places I’ve never broken out before.,COMPLAINT,train
SENT_1415,I have normal/ dry skin and this left me so greasy looking and oily.,COMPLAINT,train
SENT_1416,The default account settings were populated by our internal compliance administrator yesterday. [Log #180],NEUTRAL_NOISE,val
SENT_1417,The automated billing module charged our card twice this cycle and failed to deliver an itemized PDF invoice. [Trace #1040],COMPLAINT,val
SENT_1418,Only loses a star because I wish the formula was just a little easier to rub in and felt a little more lightweight.,RECOMMENDATION,train
SENT_1419,"The web client crashes with an uncaught runtime error when exporting more than 10,000 records to CSV. [Trace #1349]",COMPLAINT,train
SENT_1420,The automated billing module charged our card twice this cycle and failed to deliver an itemized PDF invoice. [Trace #1016],COMPLAINT,train
SENT_1421,"It’s more smooth, glowing and feels fresh.",PRAISE,train
SENT_1422,The redesigned dashboard is super intuitive and saved our operations team over 10 hours every week. [Feedback #472],PRAISE,train
SENT_1423,"after I use it, my skin is so smooth and silky.",PRAISE,train
SENT_1424,Attachments larger than 15MB fail to upload with a cryptic network timeout error and no retry option. [Trace #1247],COMPLAINT,train
SENT_1425,The search bar returns 0 results for exact SKU matches when special punctuation or hyphens are present. [Trace #1204],COMPLAINT,train
SENT_1426,Feature request: please consider adding bulk user provisioning and deprovisioning via SCIM API endpoints. [Feature Req #618],RECOMMENDATION,train
SENT_1427,Conducting integration testing across macOS Sonoma and Ubuntu Linux LTS virtual machine instances. [Log #284],NEUTRAL_NOISE,train
SENT_1428,I also use the day cream every day but I wish it had sunscreen.,RECOMMENDATION,train
SENT_1429,I believe this made me breakout which is why I can’t recommend it.,COMPLAINT,train
SENT_1430,I wish they had just left it with the enzymatic scrubbing properties instead of adding the texture.,RECOMMENDATION,val
SENT_1431,"SAML SSO authentication repeatedly times out on Safari, trapping enterprise users in an infinite login redirect loop. [Trace #1278]",COMPLAINT,train
SENT_1432,"The web client crashes with an uncaught runtime error when exporting more than 10,000 records to CSV. [Trace #1313]",COMPLAINT,train
SENT_1433,"Five stars for performance; complex aggregation queries across 500,000 rows return in under 35 milliseconds. [Feedback #408]",PRAISE,val
SENT_1434,I don’t typically experience breakouts but after using this oil I always get pimples all over my face.,COMPLAINT,train
SENT_1435,"I didn’t break out, but I wish it was scentless.",RECOMMENDATION,train
SENT_1436,I would love to begin with the fact that these drops are multiuse so it is perfect for any user.,RECOMMENDATION,val
SENT_1437,This sunscreen pills up under makeup if you don’t apply directly afterward.,COMPLAINT,train
SENT_1438,Texture correct je le melange avec l’acide hyaluronique et je mets ma crème par dessus.,NEUTRAL_NOISE,train
SENT_1439,The search bar returns 0 results for exact SKU matches when special punctuation or hyphens are present. [Trace #1228],COMPLAINT,train
SENT_1440,The redesigned dashboard is super intuitive and saved our operations team over 10 hours every week. [Feedback #322],PRAISE,train
SENT_1441,The search bar returns 0 results for exact SKU matches when special punctuation or hyphens are present. [Trace #1012],COMPLAINT,train
SENT_1442,The default account settings were populated by our internal compliance administrator yesterday. [Log #250],NEUTRAL_NOISE,train
SENT_1443,If you’re looking for a good sunscreen that works and is truly INVISIBLE and not greasy (I have very oily skin) I would truly recommend Kylie Skin’s sunscreen.,COMPLAINT,train
SENT_1444,Push notification latency is unacceptable; alert webhooks take over 40 minutes to notify on-call engineers. [Trace #1009],COMPLAINT,val
SENT_1445,Audit log downloads truncate foreign unicode characters and corrupt Japanese and German customer records. [Trace #1071],COMPLAINT,train
SENT_1446,Push notification latency is unacceptable; alert webhooks take over 40 minutes to notify on-call engineers. [Trace #1093],COMPLAINT,train
SENT_1447,The default account settings were populated by our internal compliance administrator yesterday. [Log #215],NEUTRAL_NOISE,train
SENT_1448,Push notification latency is unacceptable; alert webhooks take over 40 minutes to notify on-call engineers. [Trace #1309],COMPLAINT,train
SENT_1449,This has become a holy grail product for me.,PRAISE,train
SENT_1450,The organization renews our annual licensing agreement on the first business day of October. [Log #128],NEUTRAL_NOISE,train
SENT_1451,I’ve been using it for going on two weeks about 2-3 times a night so hoping to see more of a difference!,NEUTRAL_NOISE,train
SENT_1452,I saw bumps and had an allergic reaction within days of using.,COMPLAINT,train
SENT_1453,The automated billing module charged our card twice this cycle and failed to deliver an itemized PDF invoice. [Trace #1100],COMPLAINT,train
SENT_1454,"Five stars for performance; complex aggregation queries across 500,000 rows return in under 35 milliseconds. [Feedback #444]",PRAISE,train
SENT_1455,The organization renews our annual licensing agreement on the first business day of October. [Log #298],NEUTRAL_NOISE,train
SENT_1456,I saw this one and had to try it as everything from Farmacy is absolutely amazing and this moisturizer is a game changer!My skin was glowing and felt so fresh after applying this cream.,PRAISE,train
SENT_1457,It’s great for my skin and it leaves it so smooth.,PRAISE,train
SENT_1458,I’ve been using it for about two weeks now and love how easy it is to spray on and how fast-acting it is.,PRAISE,train
SENT_1459,Push notification latency is unacceptable; alert webhooks take over 40 minutes to notify on-call engineers. [Trace #1213],COMPLAINT,train
SENT_1460,The latest update v2.14 broke table pagination and silently wiped out our team's saved filtering presets. [Trace #1296],COMPLAINT,train
SENT_1461,The migration from our legacy database was blazingly fast and completed with zero unplanned downtime. [Feedback #391],PRAISE,train
SENT_1462,Push notification latency is unacceptable; alert webhooks take over 40 minutes to notify on-call engineers. [Trace #1261],COMPLAINT,train
SENT_1463,"I wish that w/ dewy products, formulators took fine lines and skin texture into consideration.",RECOMMENDATION,train
SENT_1464,"The ingredients are soothing, but I wish it did not contain fragrance...",RECOMMENDATION,train
SENT_1465,Database synchronization deadlocks whenever two editors modify document access permissions simultaneously. [Trace #1142],COMPLAINT,train
SENT_1466,The search bar returns 0 results for exact SKU matches when special punctuation or hyphens are present. [Trace #1120],COMPLAINT,train
SENT_1467,I first got this in the trial size and then bought the full bottle.,NEUTRAL_NOISE,train
SENT_1468,"I must have spend thousands of dollars on acne products, from proactiv to clinique to bare minerals to every possible new gimmick out there and I wish I has stumbled on this Peter Thomas gel sooner.",RECOMMENDATION,train
SENT_1469,It is worth every penny!!,PRAISE,train
SENT_1470,We configured the staging environment following the recommended infrastructure setup documentation. [Log #222],NEUTRAL_NOISE,train
SENT_1471,Customer support answered our urgent ticket in under 4 minutes and hotfixed the permissions issue immediately. [Feedback #513],PRAISE,train
SENT_1472,Wish there was a dark mode theme for the analytics dashboard to ease eye fatigue during night shifts. [Feature Req #696],RECOMMENDATION,train
SENT_1473,Attachments larger than 15MB fail to upload with a cryptic network timeout error and no retry option. [Trace #1151],COMPLAINT,train
SENT_1474,Texture is like butter and goes on so smooth and spreads nicely.I have combo skin but going into the colder months it get dry very easily and this will be my go to moisturizer for sure!,PRAISE,val
SENT_1475,I hate it it’s so oily even on my extremely dry skin literally never again and I regret it so much,COMPLAINT,train
SENT_1476,I’ve tried some of the other ones and I’m not in love.,PRAISE,train
SENT_1477,Hands down the best REST API documentation and developer sandbox experience in the enterprise software space. [Feedback #416],PRAISE,train
SENT_1478,Database synchronization deadlocks whenever two editors modify document access permissions simultaneously. [Trace #1082],COMPLAINT,train
SENT_1479,I am on my 3rd bottle now since 2019 and I maybe buy this product twice a year - a little goes a long way!,NEUTRAL_NOISE,val
SENT_1480,But my makeup for the dark stools just smear right offbecause it made my skin too dewy and sticky.,COMPLAINT,train
SENT_1481,My skin literally is glowing.,PRAISE,val
SENT_1482,The organization renews our annual licensing agreement on the first business day of October. [Log #208],NEUTRAL_NOISE,train
SENT_1483,"After years of trying various treatments and products to fade the scars, this has been my holy grail.",PRAISE,train
SENT_1484,The only thing that I would like to change is the jar packaging.,RECOMMENDATION,train
SENT_1485,"This product is pretty much terrible, have whitened like a shade and I have been using consistently for two weeks.",COMPLAINT,train
SENT_1486,"It’s very fragrant, but if you can get past that, it’s worth every penny.",PRAISE,train
SENT_1487,This has now become a summer staple in my skin routine.,NEUTRAL_NOISE,train
SENT_1488,"In the morning, I use the cream after applying hyaluronic acid before i apply my makeup for the day.",NEUTRAL_NOISE,val
SENT_1489,"I do think it has caused me to break out a few time, but not bad enough or often enough to cause me to stop using it.",NEUTRAL_NOISE,train
SENT_1490,this made my skin terrible.,COMPLAINT,train
SENT_1491,Could improve incident collaboration by adding bi-directional Slack and Microsoft Teams notification bots. [Feature Req #524],RECOMMENDATION,train
SENT_1492,Hands down the best REST API documentation and developer sandbox experience in the enterprise software space. [Feedback #434],PRAISE,train
SENT_1493,"After adjusting how much product I was using and getting better at applying it, I love this stuff.",NEUTRAL_NOISE,val
SENT_1494,I did however put a generous coat on and sleep with it over night and that really did the trick.,NEUTRAL_NOISE,train
SENT_1495,"I am in love with this product, I have been using it for over a month now and it feels amazing on my skin after wash!",PRAISE,train
SENT_1496,The automated billing module charged our card twice this cycle and failed to deliver an itemized PDF invoice. [Trace #1220],COMPLAINT,train
SENT_1497,The default account settings were populated by our internal compliance administrator yesterday. [Log #300],NEUTRAL_NOISE,train
SENT_1498,"Hated the way it felt on my skin, and worst it didn’t improve my skin.",COMPLAINT,train
SENT_1499,The automated billing module charged our card twice this cycle and failed to deliver an itemized PDF invoice. [Trace #1004],COMPLAINT,train
SENT_1500,Seamless integration with PostgreSQL and pgvector; worked right out of the box with zero runtime bugs. [Feedback #449],PRAISE,train
SENT_1501,Extremely drying and irritating.,COMPLAINT,train
SENT_1502,Wish there was a dark mode theme for the analytics dashboard to ease eye fatigue during night shifts. [Feature Req #720],RECOMMENDATION,val
SENT_1503,Our engineering team has been deployed on the enterprise tier for approximately three fiscal quarters. [Log #131],NEUTRAL_NOISE,train
SENT_1504,"Wish it wasn’t as pricy, but I understand why.",RECOMMENDATION,val
SENT_1505,"Experiencing a severe memory leak in the desktop background worker, consuming 4GB RAM after two hours. [Trace #1003]",COMPLAINT,train
SENT_1506,The iOS mobile application completely freezes on the splash screen and fails to load offline dashboard cards. [Trace #1078],COMPLAINT,train
SENT_1507,"Love the vibrant red and the heavy felling of the bottle, the cream it self it’s good and rich but not heavy on the skin....",NEUTRAL_NOISE,train
SENT_1508,"Five stars for performance; complex aggregation queries across 500,000 rows return in under 35 milliseconds. [Feedback #516]",PRAISE,train
SENT_1509,"I have dry skin and am not acne-prone, however this product broke me out!",COMPLAINT,train
SENT_1510,Could improve incident collaboration by adding bi-directional Slack and Microsoft Teams notification bots. [Feature Req #516],RECOMMENDATION,train
SENT_1511,Could improve incident collaboration by adding bi-directional Slack and Microsoft Teams notification bots. [Feature Req #708],RECOMMENDATION,val
SENT_1512,It’s curdled and oily.,COMPLAINT,val
SENT_1513,"As far as the cream itself, It absorbs into the skin very quickly which is great for people with oily skin.",COMPLAINT,train
SENT_1514,"Webhooks silently fail with HTTP 500 internal server error during peak usage hours, causing irreversible data loss in Salesforce. [Trace #1149]",COMPLAINT,train
SENT_1515,Database synchronization deadlocks whenever two editors modify document access permissions simultaneously. [Trace #1214],COMPLAINT,train
SENT_1516,Wish it would have been a match but it’s going to the giveaway pile.,RECOMMENDATION,train
SENT_1517,"Smells good enough to eat, but broke me out badly.",COMPLAINT,val
SENT_1518,Would love to see an automated daily export integration to Snowflake and Google BigQuery warehouses. [Feature Req #703],RECOMMENDATION,train
SENT_1519,My new holy grail and not too harsh on skin.,PRAISE,train
SENT_1520,"After using this night serum for a week, I saw a difference in the boost of moisture and hydration.",NEUTRAL_NOISE,train
SENT_1521,Wish there was a dark mode theme for the analytics dashboard to ease eye fatigue during night shifts. [Feature Req #528],RECOMMENDATION,train
SENT_1522,The latest update v2.14 broke table pagination and silently wiped out our team's saved filtering presets. [Trace #1116],COMPLAINT,train
SENT_1523,Audit log downloads truncate foreign unicode characters and corrupt Japanese and German customer records. [Trace #1167],COMPLAINT,train
SENT_1524,I got the Black Tea and Blackberry lip balm as a suggestion from a friend and oh my god.,RECOMMENDATION,train
SENT_1525,I enjoy using the cream in the morning before applying my regular moisturizer and makeup.,NEUTRAL_NOISE,train
SENT_1526,"I’ve purchased this product more times than I can count, and can say, without a doubt, that this is my holy grail product.",PRAISE,val
SENT_1527,"I wish this had an spf in it so I could use it im the morning as well, but wotks great with my nightly routine for now.",RECOMMENDATION,val
SENT_1528,Not a lot of product needs to be used.,RECOMMENDATION,val
SENT_1529,So disappointed as this product has so many good reviews.,COMPLAINT,train
SENT_1530,"HOWEVER, I’m disappointed to hear that this product contains microplastics (polyethylene).",COMPLAINT,train
SENT_1531,My holy grail face wash :),PRAISE,train
SENT_1532,I have combination skin with mild breakouts and after using this I would wake up to find my skin feeling softer but have little white heads everywhere.,COMPLAINT,train
SENT_1533,"I love the way this feels on my skin, works perfectly with my current skincare routine.",NEUTRAL_NOISE,train
SENT_1534,"Five stars for performance; complex aggregation queries across 500,000 rows return in under 35 milliseconds. [Feedback #504]",PRAISE,train
SENT_1535,I do notice that my makeup go on quite nicely after using this product the night before.,NEUTRAL_NOISE,val
SENT_1536,Conducting integration testing across macOS Sonoma and Ubuntu Linux LTS virtual machine instances. [Log #154],NEUTRAL_NOISE,train
SENT_1537,I wish I would have gotten this instead of all the expensive creams I tried before hand.,RECOMMENDATION,train
SENT_1538,I received this Daily Glycolic Cleanser complimentary from Dermalogica in exchange for my honest review.,NEUTRAL_NOISE,train
SENT_1539,Price is a little more than I would like but cant put a price on great skin.,RECOMMENDATION,val
SENT_1540,Love how lightweight the product is while still providing SPF 50 and extending the wear of my makeup throughout the day.,PRAISE,train
SENT_1541,The default account settings were populated by our internal compliance administrator yesterday. [Log #205],NEUTRAL_NOISE,val
SENT_1542,"Experiencing a severe memory leak in the desktop background worker, consuming 4GB RAM after two hours. [Trace #1063]",COMPLAINT,train
SENT_1543,The latest update v2.14 broke table pagination and silently wiped out our team's saved filtering presets. [Trace #1200],COMPLAINT,train
SENT_1544,This was the first mask that broke my face out.,COMPLAINT,val
SENT_1545,Would love to see an automated daily export integration to Snowflake and Google BigQuery warehouses. [Feature Req #567],RECOMMENDATION,train
SENT_1546,The latest update v2.14 broke table pagination and silently wiped out our team's saved filtering presets. [Trace #1128],COMPLAINT,train
SENT_1547,Finally found my holy grail sunscreen!,PRAISE,val
SENT_1548,"Five stars for performance; complex aggregation queries across 500,000 rows return in under 35 milliseconds. [Feedback #468]",PRAISE,train
SENT_1549,wish I had stocked up since shipping is so slow these days.,RECOMMENDATION,train
SENT_1550,I ended up breaking the top open so I could get my moneys worth of this lotion but it was useless.,COMPLAINT,train
SENT_1551,I like the texture of this moisturizer a lot and a little goes a long way.,NEUTRAL_NOISE,train
SENT_1552,I ended up returning it because I wouldn’t want that same tinge under makeup if I used it in the morning.,NEUTRAL_NOISE,train
SENT_1553,The search bar returns 0 results for exact SKU matches when special punctuation or hyphens are present. [Trace #1312],COMPLAINT,val
SENT_1554,I wake up and my skin is full and glowing and HAPPY.,PRAISE,val
SENT_1555,I love how easy it great it feels on my skin and calms any inflammation on my face especially after I exfoliate.,PRAISE,train
SENT_1556,Wish there was a dark mode theme for the analytics dashboard to ease eye fatigue during night shifts. [Feature Req #712],RECOMMENDATION,train
SENT_1557,I wish it was in a glass bottle for the expensive price though.,RECOMMENDATION,train
SENT_1558,Conducting integration testing across macOS Sonoma and Ubuntu Linux LTS virtual machine instances. [Log #209],NEUTRAL_NOISE,train
SENT_1559,"After using this product for a couple of weeks, parts of my face broke out and other parts were flaky dry.",COMPLAINT,train
SENT_1560,Too much silicone - it made my skin breakout.,COMPLAINT,train
SENT_1561,Audit log downloads truncate foreign unicode characters and corrupt Japanese and German customer records. [Trace #1347],COMPLAINT,train
SENT_1562,The automated billing module charged our card twice this cycle and failed to deliver an itemized PDF invoice. [Trace #1280],COMPLAINT,val
SENT_1563,Conducting integration testing across macOS Sonoma and Ubuntu Linux LTS virtual machine instances. [Log #269],NEUTRAL_NOISE,val
SENT_1564,"Also, you’re supposed to take breaks from hydroquinone, which is annoying.Sadly, for me Faded is sadly not as effective as hydroquinone despite me using it twice a day for 3 months.",NEUTRAL_NOISE,train
SENT_1565,I’ve been using it for 2 weeks and I haven’t really noticed a huge difference...but there is a small change to my dark circles so far.,NEUTRAL_NOISE,train
SENT_1566,The default account settings were populated by our internal compliance administrator yesterday. [Log #265],NEUTRAL_NOISE,train
SENT_1567,But the smell was horrible.,COMPLAINT,val
SENT_1568,The latest update v2.14 broke table pagination and silently wiped out our team's saved filtering presets. [Trace #1140],COMPLAINT,train
SENT_1569,I personally roll it onto clean hands and apply.,NEUTRAL_NOISE,val
SENT_1570,Our engineering team has been deployed on the enterprise tier for approximately three fiscal quarters. [Log #256],NEUTRAL_NOISE,val
SENT_1571,The redesigned dashboard is super intuitive and saved our operations team over 10 hours every week. [Feedback #382],PRAISE,train
SENT_1572,I fell in love with this brand about 6 months ago and I’m not going back!,PRAISE,val
SENT_1573,i found a new cleansing balm/oil which works but it’s sad this didn’t work out :( for reference i have really dry sensitive skin and prone to breakouts.,COMPLAINT,train
SENT_1574,"just got this last night, and I am very disappointed.",COMPLAINT,train
SENT_1575,Wish I could use it but I’ll probably gift it to a friend.,RECOMMENDATION,train
SENT_1576,Hands down the best REST API documentation and developer sandbox experience in the enterprise software space. [Feedback #446],PRAISE,train
SENT_1577,Customer support answered our urgent ticket in under 4 minutes and hotfixed the permissions issue immediately. [Feedback #435],PRAISE,val
SENT_1578,The organization renews our annual licensing agreement on the first business day of October. [Log #188],NEUTRAL_NOISE,train
SENT_1579,We configured the staging environment following the recommended infrastructure setup documentation. [Log #292],NEUTRAL_NOISE,train
SENT_1580,The scent is a little played out- smells like coconut and Beach which I wish it was a little more like horchata /Acura fresca but overall I’m please with it!,RECOMMENDATION,val
SENT_1581,The default account settings were populated by our internal compliance administrator yesterday. [Log #285],NEUTRAL_NOISE,train
SENT_1582,Database synchronization deadlocks whenever two editors modify document access permissions simultaneously. [Trace #1070],COMPLAINT,train
SENT_1583,"I really feel like it’s a versatile product, I just wish it wasn’t nearly as expensive as it is.",RECOMMENDATION,train
SENT_1584,I was pretty disappointed in this mask given all the hype!,COMPLAINT,val
SENT_1585,The automated billing module charged our card twice this cycle and failed to deliver an itemized PDF invoice. [Trace #1244],COMPLAINT,train
SENT_1586,The automated billing module charged our card twice this cycle and failed to deliver an itemized PDF invoice. [Trace #1196],COMPLAINT,val
SENT_1587,"However, I have sensitive skin that tends to be oily.",COMPLAINT,train
SENT_1588,It would be great if you allowed custom webhook request headers for HMAC signature verification. [Feature Req #686],RECOMMENDATION,val
SENT_1589,"The web client crashes with an uncaught runtime error when exporting more than 10,000 records to CSV. [Trace #1073]",COMPLAINT,train
SENT_1590,We configured the staging environment following the recommended infrastructure setup documentation. [Log #272],NEUTRAL_NOISE,train
SENT_1591,It is much more natural and has great organic benefits over other moisturizersMy only problem is I wish the container was a little bit bigger but still great product will be purchasing full size soon,RECOMMENDATION,val
SENT_1592,Feature request: please consider adding bulk user provisioning and deprovisioning via SCIM API endpoints. [Feature Req #690],RECOMMENDATION,train
SENT_1593,it absorbs fast and helps face stay fresh and luminious.,PRAISE,train
SENT_1594,Customer support answered our urgent ticket in under 4 minutes and hotfixed the permissions issue immediately. [Feedback #351],PRAISE,train
SENT_1595,The latest update v2.14 broke table pagination and silently wiped out our team's saved filtering presets. [Trace #1020],COMPLAINT,train
SENT_1596,The redesigned dashboard is super intuitive and saved our operations team over 10 hours every week. [Feedback #388],PRAISE,val
SENT_1597,Would love to see an automated daily export integration to Snowflake and Google BigQuery warehouses. [Feature Req #655],RECOMMENDATION,train
SENT_1598,Like a yoga class in a bottle.,NEUTRAL_NOISE,val
SENT_1599,We configured the staging environment following the recommended infrastructure setup documentation. [Log #182],NEUTRAL_NOISE,train
SENT_1600,It feels like it’s sitting on top of my lips and sticky.,COMPLAINT,train
SENT_1601,My face feels so smooth and looks brighter.,PRAISE,train
SENT_1602,The redesigned dashboard is super intuitive and saved our operations team over 10 hours every week. [Feedback #352],PRAISE,train
SENT_1603,I was extremely greasy afterwards even though I cleaned my face with my cleanser after the balm.,COMPLAINT,val
SENT_1604,What a nightmare.Wow I am so sad.It did absorb fairly quick but in the morning on top of the blemishes I looked sorta dull and I think it was also too much moisture for my oily skin.I will not use again.,COMPLAINT,train
SENT_1605,The redesigned dashboard is super intuitive and saved our operations team over 10 hours every week. [Feedback #496],PRAISE,train
SENT_1606,"I just wish it wasn’t so expensive.For reference, I have the most sensitive, irritable combination skin with hormonal acne, blackheads and redness.",RECOMMENDATION,train
SENT_1607,Conducting integration testing across macOS Sonoma and Ubuntu Linux LTS virtual machine instances. [Log #249],NEUTRAL_NOISE,val
SENT_1608,It would be helpful if the filter drawer remembered active column visibility across different browser sessions. [Feature Req #539],RECOMMENDATION,val
SENT_1609,I am disappointed because everyone says this brand is amazing.,COMPLAINT,train
SENT_1610,It also pills on my face.,COMPLAINT,train
SENT_1611,My skin has never looked better and my makeup has never applied so smooth.,PRAISE,train
SENT_1612,Database synchronization deadlocks whenever two editors modify document access permissions simultaneously. [Trace #1046],COMPLAINT,train
SENT_1613,Please add native support for OAuth 2.0 PKCE and multi-tenant Okta SSO in the next enterprise release. [Feature Req #549],RECOMMENDATION,val
SENT_1614,Not quite sure how people with super dry skin would like this cause it works great for my oily skin.,RECOMMENDATION,train
SENT_1615,The redesigned dashboard is super intuitive and saved our operations team over 10 hours every week. [Feedback #418],PRAISE,train
SENT_1616,The organization renews our annual licensing agreement on the first business day of October. [Log #268],NEUTRAL_NOISE,train
SENT_1617,"This is so amazing , my pore were instantly blurred and my skin felt so smooth!",PRAISE,val
SENT_1618,Conducting integration testing across macOS Sonoma and Ubuntu Linux LTS virtual machine instances. [Log #144],NEUTRAL_NOISE,train
SENT_1619,It is so gentle on skin and cleans very well.,PRAISE,train
SENT_1620,"Five stars for performance; complex aggregation queries across 500,000 rows return in under 35 milliseconds. [Feedback #438]",PRAISE,train
SENT_1621,"Experiencing a severe memory leak in the desktop background worker, consuming 4GB RAM after two hours. [Trace #1219]",COMPLAINT,val
SENT_1622,"Experiencing a severe memory leak in the desktop background worker, consuming 4GB RAM after two hours. [Trace #1159]",COMPLAINT,train
SENT_1623,It would be great if you allowed custom webhook request headers for HMAC signature verification. [Feature Req #566],RECOMMENDATION,train
SENT_1624,It would be great if you allowed custom webhook request headers for HMAC signature verification. [Feature Req #678],RECOMMENDATION,val
SENT_1625,Customer support answered our urgent ticket in under 4 minutes and hotfixed the permissions issue immediately. [Feedback #381],PRAISE,val
SENT_1626,"The web client crashes with an uncaught runtime error when exporting more than 10,000 records to CSV. [Trace #1301]",COMPLAINT,train
SENT_1627,The organization renews our annual licensing agreement on the first business day of October. [Log #123],NEUTRAL_NOISE,train
SENT_1628,I noticed an overall difference in the health of my skin after using this.,NEUTRAL_NOISE,train
SENT_1629,Seamless integration with PostgreSQL and pgvector; worked right out of the box with zero runtime bugs. [Feedback #329],PRAISE,train
SENT_1630,This serum felt a little too greasy for me.,COMPLAINT,train
SENT_1631,After using for a couple says my face looked brighter but I think I will need to use it for atleast a month or two to see full results.,NEUTRAL_NOISE,train
SENT_1632,Attachments larger than 15MB fail to upload with a cryptic network timeout error and no retry option. [Trace #1187],COMPLAINT,val
SENT_1633,I use the face cream following the hyaluronic acid and eye cream at night.,NEUTRAL_NOISE,train
SENT_1634,Seamless integration with PostgreSQL and pgvector; worked right out of the box with zero runtime bugs. [Feedback #407],PRAISE,train
SENT_1635,"I would recommend trying that if you already bought the product and don’t want to waste it, otherwise I don’t know if I would recommend buying it if you don’t like having a thick layer of gel on your face at night.",NEUTRAL_NOISE,train
SENT_1636,I like the texture of the eye cream and have been wanting to add a retinol to my eye area for a while to prevent wrinkles and aging.,NEUTRAL_NOISE,val
SENT_1637,It does seem to have some plumping effect on my lips so I guess I’ll keep it for that but really disappointed.,COMPLAINT,train
SENT_1638,Our engineering team has been deployed on the enterprise tier for approximately three fiscal quarters. [Log #171],NEUTRAL_NOISE,train
SENT_1639,The redesigned dashboard is super intuitive and saved our operations team over 10 hours every week. [Feedback #502],PRAISE,val
SENT_1640,I would like to use it more to see it really makes a difference.,RECOMMENDATION,train
SENT_1641,The automated billing module charged our card twice this cycle and failed to deliver an itemized PDF invoice. [Trace #1136],COMPLAINT,train
SENT_1642,Audit log downloads truncate foreign unicode characters and corrupt Japanese and German customer records. [Trace #1251],COMPLAINT,train
SENT_1643,The migration from our legacy database was blazingly fast and completed with zero unplanned downtime. [Feedback #409],PRAISE,val
SENT_1644,I think it actually made me raven more oily than I usually am.,COMPLAINT,val
SENT_1645,Could improve incident collaboration by adding bi-directional Slack and Microsoft Teams notification bots. [Feature Req #596],RECOMMENDATION,train
SENT_1646,Feature request: please consider adding bulk user provisioning and deprovisioning via SCIM API endpoints. [Feature Req #594],RECOMMENDATION,train
SENT_1647,I love murad products and fell in love with their youth renewal serum.,PRAISE,val
SENT_1648,Hands down the best REST API documentation and developer sandbox experience in the enterprise software space. [Feedback #494],PRAISE,train
SENT_1649,The search bar returns 0 results for exact SKU matches when special punctuation or hyphens are present. [Trace #1144],COMPLAINT,val
SENT_1650,THIS BROKE ME OUT BAD!,COMPLAINT,train
SENT_1651,I have oily-combo and it just wasn’t as hydrating as I’m used to these days.,COMPLAINT,train
SENT_1652,I would like you to know I received this product as a free sample.,RECOMMENDATION,train
SENT_1653,The organization renews our annual licensing agreement on the first business day of October. [Log #243],NEUTRAL_NOISE,train
SENT_1654,"It does it’s job of covering redness, so I feel I can wear less foundation and have a more natural look.",COMPLAINT,val
SENT_1655,The default account settings were populated by our internal compliance administrator yesterday. [Log #195],NEUTRAL_NOISE,val
SENT_1656,"Experiencing a severe memory leak in the desktop background worker, consuming 4GB RAM after two hours. [Trace #1123]",COMPLAINT,train
SENT_1657,Our engineering team has been deployed on the enterprise tier for approximately three fiscal quarters. [Log #191],NEUTRAL_NOISE,val
SENT_1658,I left it on for the 10 minutes and ended up rinsing in cool water to try to ease the redness and itchiness.,COMPLAINT,train
SENT_1659,"Experiencing a severe memory leak in the desktop background worker, consuming 4GB RAM after two hours. [Trace #1015]",COMPLAINT,train
SENT_1660,We configured the staging environment following the recommended infrastructure setup documentation. [Log #207],NEUTRAL_NOISE,train
SENT_1661,"The web client crashes with an uncaught runtime error when exporting more than 10,000 records to CSV. [Trace #1061]",COMPLAINT,train
SENT_1662,i wish it was a little lower in price but besides that it works really well.,RECOMMENDATION,train
SENT_1663,"If your acne prone trust me don’t buy you won’t regret it, it will stuff your poors like putting butter on your face.",COMPLAINT,train
SENT_1664,The automated billing module charged our card twice this cycle and failed to deliver an itemized PDF invoice. [Trace #1328],COMPLAINT,train
SENT_1665,"Have bought this twice and use it every day, but honestly haven’t seen much difference or change in my skin.",NEUTRAL_NOISE,train
SENT_1666,Customer support answered our urgent ticket in under 4 minutes and hotfixed the permissions issue immediately. [Feedback #459],PRAISE,val
SENT_1667,The texture was very smooth and light.,NEUTRAL_NOISE,train
SENT_1668,Customer support answered our urgent ticket in under 4 minutes and hotfixed the permissions issue immediately. [Feedback #321],PRAISE,train
SENT_1669,Conducting integration testing across macOS Sonoma and Ubuntu Linux LTS virtual machine instances. [Log #189],NEUTRAL_NOISE,train
SENT_1670,It is the BEST product I have ever used EVER.,PRAISE,train
SENT_1671,"I’ve used it a few times, and it is so sticky on my oily skin.",COMPLAINT,train
SENT_1672,Hands down the best REST API documentation and developer sandbox experience in the enterprise software space. [Feedback #428],PRAISE,train
SENT_1673,this made me get pimples on my cheeks every time i used it :( disappointed bc it seems like a lot of people like it but i don’t really get the hype,COMPLAINT,train
SENT_1674,"Five stars for performance; complex aggregation queries across 500,000 rows return in under 35 milliseconds. [Feedback #360]",PRAISE,train
SENT_1675,Database synchronization deadlocks whenever two editors modify document access permissions simultaneously. [Trace #1322],COMPLAINT,train
SENT_1676,Please add native support for OAuth 2.0 PKCE and multi-tenant Okta SSO in the next enterprise release. [Feature Req #589],RECOMMENDATION,train
SENT_1677,Though I didn’t see any reduction in redness or instant radiance.,COMPLAINT,train
SENT_1678,Wish they made something for the lips!,RECOMMENDATION,train
SENT_1679,I’ve been looking for a sunscreen that I could apply over my makeup for ages and this is my holy grail!,PRAISE,train
SENT_1680,The organization renews our annual licensing agreement on the first business day of October. [Log #283],NEUTRAL_NOISE,train
SENT_1681,The organization renews our annual licensing agreement on the first business day of October. [Log #183],NEUTRAL_NOISE,train
SENT_1682,I really wish I could have used this but it irritated my neck and a few small spots on my face.,RECOMMENDATION,train
SENT_1683,The migration from our legacy database was blazingly fast and completed with zero unplanned downtime. [Feedback #505],PRAISE,val
SENT_1684,"Since I’m a fan of the ingredients & don’t plan on going back to hydroquinone, I will keep using Faded until I’m done with tube & update.",NEUTRAL_NOISE,train
SENT_1685,"I wish they made it without silicones because it did a good job at hydrating, but I’m not going to cover my face in silicones every day.",RECOMMENDATION,train
SENT_1686,We configured the staging environment following the recommended infrastructure setup documentation. [Log #112],NEUTRAL_NOISE,val
SENT_1687,The automated billing module charged our card twice this cycle and failed to deliver an itemized PDF invoice. [Trace #1172],COMPLAINT,val
SENT_1688,"It seemed okay at first, but now I am having a slight burning sensation when I apply this and my skin does not feel moist after applying.",COMPLAINT,train
SENT_1689,The redesigned dashboard is super intuitive and saved our operations team over 10 hours every week. [Feedback #430],PRAISE,train
SENT_1690,Conducting integration testing across macOS Sonoma and Ubuntu Linux LTS virtual machine instances. [Log #229],NEUTRAL_NOISE,train
SENT_1691,I do wish a little bit more product came in the tube though!,RECOMMENDATION,val
SENT_1692,It works but your pimple should be open when you are using this.,NEUTRAL_NOISE,val
SENT_1693,The organization renews our annual licensing agreement on the first business day of October. [Log #178],NEUTRAL_NOISE,train
SENT_1694,My skin is so smooth after just one use.,PRAISE,train
SENT_1695,It would be helpful if the filter drawer remembered active column visibility across different browser sessions. [Feature Req #523],RECOMMENDATION,val
SENT_1696,"Partially because I am not entirely consistent every day with it, but I digress that a little really lasts a long time.As I use it, my pores look so much smaller, my skin is smoother, my skin tone is more even, and my blotchy marks are more even with my skin tone.I am using this with my glycolic acid pads from Cane and austin, and I have to say they are a miracle duo.My suggestion- after cleansing use this tatcha morning and night.",RECOMMENDATION,train
SENT_1697,"SAML SSO authentication repeatedly times out on Safari, trapping enterprise users in an infinite login redirect loop. [Trace #1350]",COMPLAINT,train
SENT_1698,Used exactly as directed and it burned and dried out my oily-combo skin terribly.,COMPLAINT,val
SENT_1699,The automated billing module charged our card twice this cycle and failed to deliver an itemized PDF invoice. [Trace #1148],COMPLAINT,train
SENT_1700,Push notification latency is unacceptable; alert webhooks take over 40 minutes to notify on-call engineers. [Trace #1225],COMPLAINT,val
SENT_1701,I love how Dream Skin makes my skin feel so velvety and evenly textured.,PRAISE,train
SENT_1702,Definitely not for combination/ oily skin types,COMPLAINT,train
SENT_1703,"Leaves my skin feeling moisturized, dewy, and glowing!",PRAISE,train
SENT_1704,Please add native support for OAuth 2.0 PKCE and multi-tenant Okta SSO in the next enterprise release. [Feature Req #685],RECOMMENDATION,train
SENT_1705,"I received this product as a free sample and honestly, it’s a fine product.",NEUTRAL_NOISE,train
SENT_1706,"Not for me, made my face super sticky!",COMPLAINT,train
SENT_1707,Seamless integration with PostgreSQL and pgvector; worked right out of the box with zero runtime bugs. [Feedback #359],PRAISE,val
SENT_1708,Only down side for this night cream is that it’s expensive.,NEUTRAL_NOISE,train
SENT_1709,"My skin was still oily (T-zone) after the first hours, and it didn’t do much moisturizing.",COMPLAINT,train
SENT_1710,This product did what it says it will do: cover up redness.,COMPLAINT,train
SENT_1711,Conducting integration testing across macOS Sonoma and Ubuntu Linux LTS virtual machine instances. [Log #124],NEUTRAL_NOISE,train
SENT_1712,I wish I had before and afters.,RECOMMENDATION,val
SENT_1713,Initially this worked well and felt hydrating but after 2-3 weeks I developed a rash around my mouth and chin area.,COMPLAINT,val
SENT_1714,The automated billing module charged our card twice this cycle and failed to deliver an itemized PDF invoice. [Trace #1208],COMPLAINT,train
SENT_1715,Broke me out since I have an acne prone skin.,COMPLAINT,train
SENT_1716,Please add native support for OAuth 2.0 PKCE and multi-tenant Okta SSO in the next enterprise release. [Feature Req #613],RECOMMENDATION,val
SENT_1717,I love the texture.,NEUTRAL_NOISE,val
SENT_1718,"This product doesn’t do anything than breakout your face, dry your skin and turning red.",COMPLAINT,train
SENT_1719,It would be great if you allowed custom webhook request headers for HMAC signature verification. [Feature Req #590],RECOMMENDATION,train
SENT_1720,Seamless integration with PostgreSQL and pgvector; worked right out of the box with zero runtime bugs. [Feedback #479],PRAISE,train
SENT_1721,We configured the staging environment following the recommended infrastructure setup documentation. [Log #202],NEUTRAL_NOISE,val
SENT_1722,The migration from our legacy database was blazingly fast and completed with zero unplanned downtime. [Feedback #433],PRAISE,train
SENT_1723,Our engineering team has been deployed on the enterprise tier for approximately three fiscal quarters. [Log #181],NEUTRAL_NOISE,train
SENT_1724,Database synchronization deadlocks whenever two editors modify document access permissions simultaneously. [Trace #1154],COMPLAINT,train
SENT_1725,Customer support answered our urgent ticket in under 4 minutes and hotfixed the permissions issue immediately. [Feedback #387],PRAISE,train
SENT_1726,Should offer a granular role-based access control (RBAC) permission matrix for external auditors. [Feature Req #577],RECOMMENDATION,train
SENT_1727,I wish it was a little less pricey but I only use about a dime size amount so I know I will have this product for awhile!,RECOMMENDATION,train
SENT_1728,The redesigned dashboard is super intuitive and saved our operations team over 10 hours every week. [Feedback #484],PRAISE,train
SENT_1729,This will probably be the last bottle I purchase.,NEUTRAL_NOISE,train
SENT_1730,Customer support answered our urgent ticket in under 4 minutes and hotfixed the permissions issue immediately. [Feedback #315],PRAISE,train
SENT_1731,I also found that it was extremely greasy and had a strange odor.,COMPLAINT,train
SENT_1732,It smells great and is so hydrating.,PRAISE,train
SENT_1733,It pilled before I even put makeup on.,COMPLAINT,train
SENT_1734,"If I were to slide my fingers across my cheek or forehead, there’s an oily residue after having it on for hours.",COMPLAINT,train
SENT_1735,I love how it is moiztirizing and light on the skin.,PRAISE,train
SENT_1736,Our engineering team has been deployed on the enterprise tier for approximately three fiscal quarters. [Log #216],NEUTRAL_NOISE,train
SENT_1737,I bought the full size and have been using it for 5-6 months on a daily basis.,NEUTRAL_NOISE,train
SENT_1738,Hands down the best REST API documentation and developer sandbox experience in the enterprise software space. [Feedback #374],PRAISE,train
SENT_1739,Hands down the best REST API documentation and developer sandbox experience in the enterprise software space. [Feedback #362],PRAISE,train
SENT_1740,Our engineering team has been deployed on the enterprise tier for approximately three fiscal quarters. [Log #186],NEUTRAL_NOISE,val
SENT_1741,Should offer a granular role-based access control (RBAC) permission matrix for external auditors. [Feature Req #561],RECOMMENDATION,train
SENT_1742,Wish there was a dark mode theme for the analytics dashboard to ease eye fatigue during night shifts. [Feature Req #560],RECOMMENDATION,train
SENT_1743,Could improve incident collaboration by adding bi-directional Slack and Microsoft Teams notification bots. [Feature Req #684],RECOMMENDATION,train
SENT_1744,The automated billing module charged our card twice this cycle and failed to deliver an itemized PDF invoice. [Trace #1292],COMPLAINT,train
SENT_1745,Conducting integration testing across macOS Sonoma and Ubuntu Linux LTS virtual machine instances. [Log #109],NEUTRAL_NOISE,train
SENT_1746,"It leaves the lips super soft and glow and has a very good aroma, although I would like it to be a little lighter.",RECOMMENDATION,train
SENT_1747,Would love to see an automated daily export integration to Snowflake and Google BigQuery warehouses. [Feature Req #671],RECOMMENDATION,train
SENT_1748,"Webhooks silently fail with HTTP 500 internal server error during peak usage hours, causing irreversible data loss in Salesforce. [Trace #1137]",COMPLAINT,train
SENT_1749,Customer support answered our urgent ticket in under 4 minutes and hotfixed the permissions issue immediately. [Feedback #441],PRAISE,train
SENT_1750,"Webhooks silently fail with HTTP 500 internal server error during peak usage hours, causing irreversible data loss in Salesforce. [Trace #1257]",COMPLAINT,train
SENT_1751,Conducting integration testing across macOS Sonoma and Ubuntu Linux LTS virtual machine instances. [Log #164],NEUTRAL_NOISE,train
SENT_1752,Customer support answered our urgent ticket in under 4 minutes and hotfixed the permissions issue immediately. [Feedback #357],PRAISE,val
SENT_1753,The migration from our legacy database was blazingly fast and completed with zero unplanned downtime. [Feedback #421],PRAISE,train
SENT_1754,Could improve incident collaboration by adding bi-directional Slack and Microsoft Teams notification bots. [Feature Req #548],RECOMMENDATION,train
SENT_1755,It has definitely become a holy grail that I’ll be purchasing forever.,PRAISE,train
SENT_1756,Our engineering team has been deployed on the enterprise tier for approximately three fiscal quarters. [Log #136],NEUTRAL_NOISE,train
SENT_1757,The iOS mobile application completely freezes on the splash screen and fails to load offline dashboard cards. [Trace #1258],COMPLAINT,train
SENT_1758,The migration from our legacy database was blazingly fast and completed with zero unplanned downtime. [Feedback #499],PRAISE,val
SENT_1759,"Five stars for performance; complex aggregation queries across 500,000 rows return in under 35 milliseconds. [Feedback #426]",PRAISE,train
SENT_1760,I broke out SO bad.,COMPLAINT,val
SENT_1761,"i had the opportunity to try this eye cream, i was surprised on how it exceeded my expectations(i received in holiday sample bag.",PRAISE,val
SENT_1762,Should offer a granular role-based access control (RBAC) permission matrix for external auditors. [Feature Req #585],RECOMMENDATION,train
SENT_1763,It would be great if you allowed custom webhook request headers for HMAC signature verification. [Feature Req #630],RECOMMENDATION,val
SENT_1764,"love the price, formula, and lasts quite a while for the size- 10/10.",PRAISE,train
SENT_1765,Please add native support for OAuth 2.0 PKCE and multi-tenant Okta SSO in the next enterprise release. [Feature Req #533],RECOMMENDATION,train
SENT_1766,Attachments larger than 15MB fail to upload with a cryptic network timeout error and no retry option. [Trace #1283],COMPLAINT,val
SENT_1767,I love the consistency and the texture of the product.,NEUTRAL_NOISE,train
SENT_1768,The whipped gel texture goes on so smooth .,PRAISE,val
SENT_1769,"This is one of my favorite items from this brand, I am in love with it.",PRAISE,train
SENT_1770,Attachments larger than 15MB fail to upload with a cryptic network timeout error and no retry option. [Trace #1307],COMPLAINT,train
SENT_1771,Would love to see an automated daily export integration to Snowflake and Google BigQuery warehouses. [Feature Req #551],RECOMMENDATION,val
SENT_1772,Would love to see an automated daily export integration to Snowflake and Google BigQuery warehouses. [Feature Req #559],RECOMMENDATION,train
SENT_1773,Push notification latency is unacceptable; alert webhooks take over 40 minutes to notify on-call engineers. [Trace #1249],COMPLAINT,train
SENT_1774,The organization renews our annual licensing agreement on the first business day of October. [Log #253],NEUTRAL_NOISE,train
SENT_1775,"Experiencing a severe memory leak in the desktop background worker, consuming 4GB RAM after two hours. [Trace #1255]",COMPLAINT,train
SENT_1776,Would love to see an automated daily export integration to Snowflake and Google BigQuery warehouses. [Feature Req #647],RECOMMENDATION,train
SENT_1777,Feature request: please consider adding bulk user provisioning and deprovisioning via SCIM API endpoints. [Feature Req #522],RECOMMENDATION,val
SENT_1778,Wish there was a dark mode theme for the analytics dashboard to ease eye fatigue during night shifts. [Feature Req #680],RECOMMENDATION,train
SENT_1779,Seamless integration with PostgreSQL and pgvector; worked right out of the box with zero runtime bugs. [Feedback #389],PRAISE,train
SENT_1780,Should offer a granular role-based access control (RBAC) permission matrix for external auditors. [Feature Req #505],RECOMMENDATION,val
SENT_1781,Our engineering team has been deployed on the enterprise tier for approximately three fiscal quarters. [Log #226],NEUTRAL_NOISE,val
SENT_1782,Our engineering team has been deployed on the enterprise tier for approximately three fiscal quarters. [Log #201],NEUTRAL_NOISE,train
SENT_1783,Customer support answered our urgent ticket in under 4 minutes and hotfixed the permissions issue immediately. [Feedback #369],PRAISE,val
SENT_1784,Conducting integration testing across macOS Sonoma and Ubuntu Linux LTS virtual machine instances. [Log #149],NEUTRAL_NOISE,train
SENT_1785,Also it exfoliates you’re face lightly which I love my skin feels so smooth after!,PRAISE,train
SENT_1786,It left me glowing.,PRAISE,val
SENT_1787,"The web client crashes with an uncaught runtime error when exporting more than 10,000 records to CSV. [Trace #1013]",COMPLAINT,train
SENT_1788,The default account settings were populated by our internal compliance administrator yesterday. [Log #140],NEUTRAL_NOISE,train
SENT_1789,I hope they don’t plan on releasing more products in plastic packaging because I’d honestly lose interest.,RECOMMENDATION,val
SENT_1790,I love how it’s the base to all of my skincare because it really does help attract the absorption of the serums and moisturizers I use.,PRAISE,train
SENT_1791,My skin felt so smooth and luminated  after using this.,PRAISE,val
SENT_1792,"SAML SSO authentication repeatedly times out on Safari, trapping enterprise users in an infinite login redirect loop. [Trace #1110]",COMPLAINT,val
SENT_1793,"Experiencing a severe memory leak in the desktop background worker, consuming 4GB RAM after two hours. [Trace #1267]",COMPLAINT,train
SENT_1794,The redesigned dashboard is super intuitive and saved our operations team over 10 hours every week. [Feedback #448],PRAISE,train
SENT_1795,The automated billing module charged our card twice this cycle and failed to deliver an itemized PDF invoice. [Trace #1184],COMPLAINT,train
SENT_1796,I wish they were cheaper and that I had a Sephora closer.,RECOMMENDATION,train
SENT_1797,The search bar returns 0 results for exact SKU matches when special punctuation or hyphens are present. [Trace #1060],COMPLAINT,train
SENT_1798,"Hope you all love this ,and benefit from this as much as I have....",RECOMMENDATION,val
SENT_1799,"Experiencing a severe memory leak in the desktop background worker, consuming 4GB RAM after two hours. [Trace #1195]",COMPLAINT,train
SENT_1800,Hands down the best REST API documentation and developer sandbox experience in the enterprise software space. [Feedback #404],PRAISE,val
SENT_1801,I can feel my face so smooth after applying the cream.,PRAISE,val
SENT_1802,We configured the staging environment following the recommended infrastructure setup documentation. [Log #152],NEUTRAL_NOISE,val
SENT_1803,Please add native support for OAuth 2.0 PKCE and multi-tenant Okta SSO in the next enterprise release. [Feature Req #581],RECOMMENDATION,val
SENT_1804,I wish I had kept the sample dropper bottle and just continually refilled it as needed.,RECOMMENDATION,val
SENT_1805,Customer support answered our urgent ticket in under 4 minutes and hotfixed the permissions issue immediately. [Feedback #483],PRAISE,val
SENT_1806,"(My skin type: *sensitive*, oily to combo.",COMPLAINT,train
SENT_1807,Push notification latency is unacceptable; alert webhooks take over 40 minutes to notify on-call engineers. [Trace #1021],COMPLAINT,train
SENT_1808,"I don’t understand how it is rated higher than the clarifying cleanser, but I certainly do see my pores looking better and the overall balance of my skin is getting better too, but I can’t give the praise to solely this product because I use a variety of skincare for my morning and night routine.I will say, I wish the product didn’t feel like it was just sweeping into the water—it just doesn’t seem like i’m really cleaning my face.",RECOMMENDATION,train
SENT_1809,"The web client crashes with an uncaught runtime error when exporting more than 10,000 records to CSV. [Trace #1265]",COMPLAINT,val
SENT_1810,It absorbs fast into the skin.,PRAISE,train
SENT_1811,I’ll continue using it and update if I see a change in my dark spots.,NEUTRAL_NOISE,train
SENT_1812,"Five stars for performance; complex aggregation queries across 500,000 rows return in under 35 milliseconds. [Feedback #324]",PRAISE,train
SENT_1813,Hands down the best REST API documentation and developer sandbox experience in the enterprise software space. [Feedback #440],PRAISE,train
SENT_1814,It would be helpful if the filter drawer remembered active column visibility across different browser sessions. [Feature Req #635],RECOMMENDATION,train
SENT_1815,"It has an alright smell to it, it does kind of have a “medicine“ smell but its not the type thatll deter you from using it.Although I did receive this product for free, I do recommend it and I will def be buying more in the future!!",NEUTRAL_NOISE,val
SENT_1816,Customer support answered our urgent ticket in under 4 minutes and hotfixed the permissions issue immediately. [Feedback #303],PRAISE,train
SENT_1817,"Experiencing a severe memory leak in the desktop background worker, consuming 4GB RAM after two hours. [Trace #1039]",COMPLAINT,train
SENT_1818,"Finally I suspected it might be this wash and stopped, and the breakouts stopped immediately.",COMPLAINT,train
SENT_1819,Wish the SPF was higher but that’s my only criticism.,RECOMMENDATION,train
SENT_1820,My daughter commented to me over a video call that I was glowing!,PRAISE,train
SENT_1821,"pricey, but definitely saw my texture was smoothed and fine lines were instantly reduced within a few weeks of daily usage (3-4 times a week) lovely smooth texture and goes nicely with any skin type.",NEUTRAL_NOISE,train
SENT_1822,Wish I would have taken before and after pictures- I am so blown away with the results!!!,RECOMMENDATION,train
SENT_1823,have been using for about 3 weeks in the am and pm and love how clean my face feels.,PRAISE,train
SENT_1824,We configured the staging environment following the recommended infrastructure setup documentation. [Log #142],NEUTRAL_NOISE,train
SENT_1825,"SAML SSO authentication repeatedly times out on Safari, trapping enterprise users in an infinite login redirect loop. [Trace #1242]",COMPLAINT,train
SENT_1826,"Webhooks silently fail with HTTP 500 internal server error during peak usage hours, causing irreversible data loss in Salesforce. [Trace #1029]",COMPLAINT,train
SENT_1827,Hands down the best REST API documentation and developer sandbox experience in the enterprise software space. [Feedback #518],PRAISE,train
SENT_1828,"I have slight pigmentation near the top of my cheek area, and I have noticed it has been feeling smoother and more glowing.",PRAISE,train
SENT_1829,We configured the staging environment following the recommended infrastructure setup documentation. [Log #192],NEUTRAL_NOISE,train
SENT_1830,I tried it nonetheless and FELL IN LOVE.,PRAISE,train
SENT_1831,Hands down the best REST API documentation and developer sandbox experience in the enterprise software space. [Feedback #488],PRAISE,train
SENT_1832,I got this bad boys because they were on sale.,NEUTRAL_NOISE,train
SENT_1833,Should offer a granular role-based access control (RBAC) permission matrix for external auditors. [Feature Req #721],RECOMMENDATION,train
SENT_1834,Keeps my skin smooth and glowing!,PRAISE,val
SENT_1835,"You guys, I am IN LOVE!!!",PRAISE,train
SENT_1836,"I don’t know why, but this product made my face breakout even more.",COMPLAINT,train
SENT_1837,"I initially tested this by rubbing it on the back of my hand and it felt good, but I did find myself applying quite a bit.",NEUTRAL_NOISE,train
SENT_1838,Customer support answered our urgent ticket in under 4 minutes and hotfixed the permissions issue immediately. [Feedback #477],PRAISE,val
SENT_1839,Seamless integration with PostgreSQL and pgvector; worked right out of the box with zero runtime bugs. [Feedback #323],PRAISE,train
SENT_1840,"Three stars because it actually says on the tube “for dry and normal skin”, which I wish I had seen before I purchased it.",RECOMMENDATION,train
SENT_1841,just wish I started using it earlier,RECOMMENDATION,train
SENT_1842,The search bar returns 0 results for exact SKU matches when special punctuation or hyphens are present. [Trace #1072],COMPLAINT,train
SENT_1843,Push notification latency is unacceptable; alert webhooks take over 40 minutes to notify on-call engineers. [Trace #1057],COMPLAINT,train
SENT_1844,After using this scrub I would say that it is a great scrub for sensitive skin.,NEUTRAL_NOISE,val
SENT_1845,I got it and I am in love!,PRAISE,train
SENT_1846,Maybe it would be good for someone with normal or oily skin.,COMPLAINT,train
SENT_1847,Disappointed and no bueno :(,COMPLAINT,train
SENT_1848,The automated billing module charged our card twice this cycle and failed to deliver an itemized PDF invoice. [Trace #1052],COMPLAINT,train
SENT_1849,"But it broke me out after 1 night of using it, and gave me a full face of acne after 3 days of using because I didn’t want to believe this cream was the culprit (and didn’t patch test like a fool).",COMPLAINT,train
SENT_1850,The iOS mobile application completely freezes on the splash screen and fails to load offline dashboard cards. [Trace #1018],COMPLAINT,train
SENT_1851,"The packaging is horrible, product ends up around the opening and the dropper never fills up.",COMPLAINT,train
SENT_1852,Wish there was a dark mode theme for the analytics dashboard to ease eye fatigue during night shifts. [Feature Req #664],RECOMMENDATION,train
SENT_1853,"Five stars for performance; complex aggregation queries across 500,000 rows return in under 35 milliseconds. [Feedback #522]",PRAISE,train
SENT_1854,"I just wish it was like the peace out products, and you could see the stuff being removed!",RECOMMENDATION,val
SENT_1855,This made my skin extremely oily and broken out.,COMPLAINT,val
SENT_1856,Would love for it to be unscented.,RECOMMENDATION,train
SENT_1857,The redesigned dashboard is super intuitive and saved our operations team over 10 hours every week. [Feedback #424],PRAISE,train
SENT_1858,"I feel that the texture was pretty typical for a facial sunscreen, and only wish it was a little bit more watery/thin, but for the protection it delivers it is very good.",RECOMMENDATION,train
SENT_1859,I love how soft my skin feels when I put it on.,PRAISE,train
SENT_1860,Should offer a granular role-based access control (RBAC) permission matrix for external auditors. [Feature Req #673],RECOMMENDATION,train
SENT_1861,Attachments larger than 15MB fail to upload with a cryptic network timeout error and no retry option. [Trace #1163],COMPLAINT,val
SENT_1862,"Experiencing a severe memory leak in the desktop background worker, consuming 4GB RAM after two hours. [Trace #1087]",COMPLAINT,train
SENT_1863,It would be great if you allowed custom webhook request headers for HMAC signature verification. [Feature Req #646],RECOMMENDATION,train
SENT_1864,Even my husband made a comment only after using it for 2 days how nice and glowing my skin was.,PRAISE,train
SENT_1865,Push notification latency is unacceptable; alert webhooks take over 40 minutes to notify on-call engineers. [Trace #1153],COMPLAINT,train
SENT_1866,It would be great if you allowed custom webhook request headers for HMAC signature verification. [Feature Req #518],RECOMMENDATION,val
SENT_1867,loved this product got it as a gift would love i they did samples,RECOMMENDATION,train
SENT_1868,The organization renews our annual licensing agreement on the first business day of October. [Log #163],NEUTRAL_NOISE,train
SENT_1869,After trying this sunscreen my skin was left feeling greasy and a bit grainy.,COMPLAINT,train
SENT_1870,We configured the staging environment following the recommended infrastructure setup documentation. [Log #137],NEUTRAL_NOISE,train
SENT_1871,I was having high hope for this :( But I was disappointed because it kept pilling.,COMPLAINT,train
SENT_1872,"The web client crashes with an uncaught runtime error when exporting more than 10,000 records to CSV. [Trace #1181]",COMPLAINT,val
SENT_1873,"Webhooks silently fail with HTTP 500 internal server error during peak usage hours, causing irreversible data loss in Salesforce. [Trace #1065]",COMPLAINT,train
SENT_1874,I wish it came in bigger bottles.,RECOMMENDATION,train
SENT_1875,I wish it came flavored or in a stick overall i would buy this full price and i would Love to find it in my #playbox @playbysephorabox  or receive as a gift.,RECOMMENDATION,train
SENT_1876,I am completely disappointed by this product.,COMPLAINT,val
SENT_1877,After 3 uses my skin feel more moisturizing and more glowing!,PRAISE,train
SENT_1878,"I didn’t experience any irritation, tightness or anything weird, just woke up the next day with breakouts.",COMPLAINT,train
SENT_1879,I am in love with this lip balm.,PRAISE,val
SENT_1880,"Webhooks silently fail with HTTP 500 internal server error during peak usage hours, causing irreversible data loss in Salesforce. [Trace #1077]",COMPLAINT,train
SENT_1881,It’s very runny which is why it instructs you to put it on a cloth or something to apply it.,NEUTRAL_NOISE,train
SENT_1882,this was promising but just left me greasy and product pills,COMPLAINT,train
SENT_1883,"Five stars for performance; complex aggregation queries across 500,000 rows return in under 35 milliseconds. [Feedback #498]",PRAISE,train
SENT_1884,My skin feels so smooth and hydrated and looks so much better under my make up when I use it.,PRAISE,val
SENT_1885,"Five stars for performance; complex aggregation queries across 500,000 rows return in under 35 milliseconds. [Feedback #474]",PRAISE,train
SENT_1886,I am a self-tanning junkie and have tried many products from different brands as well - I read the reviews and decided to give these a go - the color not only developed unevenly but also pulled very orange (compared to other self tanners that have an olive tone to them and tend to be more flattering) - they clung to dry spots even after I exfoliated per my usual routine - I would not recommend these especially for the price - was very disappointed because I wanted to love these so very much!!,COMPLAINT,train
SENT_1887,The migration from our legacy database was blazingly fast and completed with zero unplanned downtime. [Feedback #451],PRAISE,val
SENT_1888,"Webhooks silently fail with HTTP 500 internal server error during peak usage hours, causing irreversible data loss in Salesforce. [Trace #1017]",COMPLAINT,train
SENT_1889,The search bar returns 0 results for exact SKU matches when special punctuation or hyphens are present. [Trace #1276],COMPLAINT,train
SENT_1890,Hands down the best REST API documentation and developer sandbox experience in the enterprise software space. [Feedback #476],PRAISE,val
SENT_1891,Could improve incident collaboration by adding bi-directional Slack and Microsoft Teams notification bots. [Feature Req #636],RECOMMENDATION,train
SENT_1892,I wish it lasted longer because I have to keep re applying it.,RECOMMENDATION,val
SENT_1893,We configured the staging environment following the recommended infrastructure setup documentation. [Log #297],NEUTRAL_NOISE,train
SENT_1894,"When the order showed up, there was no pump and we had to find a secondary bottle to transfer the gel into so we could use the product without wasting any.",NEUTRAL_NOISE,train
SENT_1895,We configured the staging environment following the recommended infrastructure setup documentation. [Log #187],NEUTRAL_NOISE,train
SENT_1896,I broke out in acne.,COMPLAINT,train
SENT_1897,I think this is a great mask and I definitely love the feel of it when I put it on at night but I’m not sure how much it is doing for my skin.,NEUTRAL_NOISE,train
SENT_1898,"It has a very gritty texture, doesn’t absorb into the skin and leaves it greasy for the entire day.",COMPLAINT,train
SENT_1899,I’ve never broken out more than after using this.,COMPLAINT,train
SENT_1900,Seamless integration with PostgreSQL and pgvector; worked right out of the box with zero runtime bugs. [Feedback #305],PRAISE,train
SENT_1901,"I love how it makes my skin feel, and it even brightens my skins appearance.",PRAISE,train
SENT_1902,I wish I had taken a before after!,RECOMMENDATION,val
SENT_1903,I tried a little sample of this first and I absolutely fell in love with it.,PRAISE,train
SENT_1904,It would be helpful if the filter drawer remembered active column visibility across different browser sessions. [Feature Req #651],RECOMMENDATION,train
SENT_1905,Our engineering team has been deployed on the enterprise tier for approximately three fiscal quarters. [Log #146],NEUTRAL_NOISE,train
SENT_1906,Seamless integration with PostgreSQL and pgvector; worked right out of the box with zero runtime bugs. [Feedback #521],PRAISE,train
SENT_1907,Database synchronization deadlocks whenever two editors modify document access permissions simultaneously. [Trace #1130],COMPLAINT,train
SENT_1908,"I love that they’re safe and non-toxic, I just wish they were a bit more affordable.",RECOMMENDATION,train
SENT_1909,Could improve incident collaboration by adding bi-directional Slack and Microsoft Teams notification bots. [Feature Req #564],RECOMMENDATION,train
SENT_1910,Database synchronization deadlocks whenever two editors modify document access permissions simultaneously. [Trace #1022],COMPLAINT,train
SENT_1911,"SAML SSO authentication repeatedly times out on Safari, trapping enterprise users in an infinite login redirect loop. [Trace #1026]",COMPLAINT,train
SENT_1912,Feature request: please consider adding bulk user provisioning and deprovisioning via SCIM API endpoints. [Feature Req #562],RECOMMENDATION,train
SENT_1913,Our engineering team has been deployed on the enterprise tier for approximately three fiscal quarters. [Log #196],NEUTRAL_NOISE,train
SENT_1914,Seamless integration with PostgreSQL and pgvector; worked right out of the box with zero runtime bugs. [Feedback #311],PRAISE,train
SENT_1915,Push notification latency is unacceptable; alert webhooks take over 40 minutes to notify on-call engineers. [Trace #1105],COMPLAINT,train
SENT_1916,"For weeks my breakouts we’re getting worse and worse (deep cystic breakouts, when I had only been trying to treat a small surface level set).",COMPLAINT,train
SENT_1917,It’ll suck all the gunk out of your pores & treat active breakouts.,COMPLAINT,train
SENT_1918,I noticed brighter skin in a few uses and by the end of the week felt like I was constantly GLOWING.,PRAISE,train
SENT_1919,I hope you enjoy Rosebud Salve like I DO.,RECOMMENDATION,train
SENT_1920,Feature request: please consider adding bulk user provisioning and deprovisioning via SCIM API endpoints. [Feature Req #602],RECOMMENDATION,train
SENT_1921,Please add native support for OAuth 2.0 PKCE and multi-tenant Okta SSO in the next enterprise release. [Feature Req #629],RECOMMENDATION,val
SENT_1922,Our engineering team has been deployed on the enterprise tier for approximately three fiscal quarters. [Log #271],NEUTRAL_NOISE,train
SENT_1923,Please add native support for OAuth 2.0 PKCE and multi-tenant Okta SSO in the next enterprise release. [Feature Req #541],RECOMMENDATION,val
SENT_1924,Caused a an allergic reaction and caused my face and neck to break out in hives/rash.,COMPLAINT,train
SENT_1925,Feature request: please consider adding bulk user provisioning and deprovisioning via SCIM API endpoints. [Feature Req #514],RECOMMENDATION,train
SENT_1926,The creme is easy to apply but sometimes it comes out in clumps and does not smooth on easily.,NEUTRAL_NOISE,train
SENT_1927,I wish the Good Genes was a larger size but I can’t be without these.,RECOMMENDATION,train
SENT_1928,Wish there was a dark mode theme for the analytics dashboard to ease eye fatigue during night shifts. [Feature Req #520],RECOMMENDATION,train
SENT_1929,"No funny residue, no weird smells, just glowing skin!",PRAISE,train
SENT_1930,"Very disappointed by a brand in which I thought I could place my trust .i gave this a one star rating, because I wasn’t allowed to post without rating the product.",COMPLAINT,train
SENT_1931,I feel it shouldn’t be advertised for more oily skin types.,COMPLAINT,val
SENT_1932,I have oily skin and I have never had a cleanser that strips away moisture from my skin so much.,COMPLAINT,val
SENT_1933,"It lives up to all the skin plumping, line filling, anti-aging, dewy, glowing hype.",PRAISE,train
SENT_1934,"I don’t know that the product is a fail for me, I just wish that they had a serum with a more tolerable concentration.",RECOMMENDATION,train
SENT_1935,Database synchronization deadlocks whenever two editors modify document access permissions simultaneously. [Trace #1298],COMPLAINT,train
SENT_1936,"I broke out in a terribly itchy, red rash from this.",COMPLAINT,val
SENT_1937,I received this for free to try and am not super impressed.,NEUTRAL_NOISE,train
SENT_1938,But it made me face so oily and never blended in my skin literally felt like I had baby oil on my face.,COMPLAINT,train
SENT_1939,"I’m in love with this product not because all the describe is true, light wait serum , really moisture but the best part is you do see results I mean what else can you ask for",PRAISE,val
SENT_1940,The organization renews our annual licensing agreement on the first business day of October. [Log #143],NEUTRAL_NOISE,train
SENT_1941,It would be helpful if the filter drawer remembered active column visibility across different browser sessions. [Feature Req #659],RECOMMENDATION,train
SENT_1942,Audit log downloads truncate foreign unicode characters and corrupt Japanese and German customer records. [Trace #1155],COMPLAINT,train
SENT_1943,Would love to see an automated daily export integration to Snowflake and Google BigQuery warehouses. [Feature Req #679],RECOMMENDATION,train
SENT_1944,"When I first started using this product, I had to adjust to it.",NEUTRAL_NOISE,train
SENT_1945,The automated billing module charged our card twice this cycle and failed to deliver an itemized PDF invoice. [Trace #1268],COMPLAINT,val
SENT_1946,The redesigned dashboard is super intuitive and saved our operations team over 10 hours every week. [Feedback #316],PRAISE,train
SENT_1947,The default account settings were populated by our internal compliance administrator yesterday. [Log #200],NEUTRAL_NOISE,train
SENT_1948,I only wish they made foundation as well.,RECOMMENDATION,train
SENT_1949,We configured the staging environment following the recommended infrastructure setup documentation. [Log #252],NEUTRAL_NOISE,train
SENT_1950,I have used this product for about a week and my skin is glowing!,PRAISE,train
SENT_1951,I received this product for free from influenster.,NEUTRAL_NOISE,train
SENT_1952,"At first it made my skin very soft and kept it well hydrated, but after continued use made my skin even more oily!",COMPLAINT,val
SENT_1953,We configured the staging environment following the recommended infrastructure setup documentation. [Log #107],NEUTRAL_NOISE,train
SENT_1954,"This is a thick, gel-consistency moisturizer.",NEUTRAL_NOISE,train
SENT_1955,It takes a few hours to show but I’m glowing!,PRAISE,val
SENT_1956,Feature request: please consider adding bulk user provisioning and deprovisioning via SCIM API endpoints. [Feature Req #650],RECOMMENDATION,train
SENT_1957,Seamless integration with PostgreSQL and pgvector; worked right out of the box with zero runtime bugs. [Feedback #431],PRAISE,train
SENT_1958,I wish it was a bit thicker but it is a really nice moisturizer and didn’t leave my skin feeling greasy!,RECOMMENDATION,val
SENT_1959,Audit log downloads truncate foreign unicode characters and corrupt Japanese and German customer records. [Trace #1083],COMPLAINT,val
SENT_1960,I just wish the SPF was higher!,RECOMMENDATION,train
SENT_1961,The redesigned dashboard is super intuitive and saved our operations team over 10 hours every week. [Feedback #310],PRAISE,val
SENT_1962,"Unfortunately, it not hydrating enough for my skin so I will mainly take this as a night cream instead.",NEUTRAL_NOISE,train
SENT_1963,I use this at night before I sleep and wake up with glowing dewy skin!,PRAISE,train
SENT_1964,I wanted to love this product saw it on utube ( mixed makeup ) but unfortunately it broke me out horrible and I’m still trying to recover and get rid of all the zits it created.,COMPLAINT,train
SENT_1965,"However, I wore this for over a week and got 3 breakouts which isn’t very usual for me.",COMPLAINT,train
SENT_1966,"SAML SSO authentication repeatedly times out on Safari, trapping enterprise users in an infinite login redirect loop. [Trace #1338]",COMPLAINT,val
SENT_1967,"I really wish I had pictures to show yall, but I’m very insecure about my skin.",RECOMMENDATION,val
SENT_1968,"Webhooks silently fail with HTTP 500 internal server error during peak usage hours, causing irreversible data loss in Salesforce. [Trace #1185]",COMPLAINT,train
SENT_1969,This is absolutely the worst product I’ve ever tried on my skin.,COMPLAINT,train
SENT_1970,"It’s different in the fact that you rub it until it turns from pink to white, the texture of is is kinda like slime so I find that fun lol, and a little goes a long way!",NEUTRAL_NOISE,train
SENT_1971,The search bar returns 0 results for exact SKU matches when special punctuation or hyphens are present. [Trace #1216],COMPLAINT,val
SENT_1972,"I do however wish it came in a pump, rather than having to hold the bottle upside down to get product.",RECOMMENDATION,train
SENT_1973,I received this for free in exchange for my honest review.,NEUTRAL_NOISE,train
SENT_1974,Could improve incident collaboration by adding bi-directional Slack and Microsoft Teams notification bots. [Feature Req #588],RECOMMENDATION,val
SENT_1975,Feature request: please consider adding bulk user provisioning and deprovisioning via SCIM API endpoints. [Feature Req #666],RECOMMENDATION,train
SENT_1976,"I ran out of my usual cleanser and used a sample I had of this, Made my skin oily and break out.",COMPLAINT,train
SENT_1977,It definitely brought my skin back to life and im glowing again!,PRAISE,train
SENT_1978,Push notification latency is unacceptable; alert webhooks take over 40 minutes to notify on-call engineers. [Trace #1333],COMPLAINT,train
SENT_1979,Customer support answered our urgent ticket in under 4 minutes and hotfixed the permissions issue immediately. [Feedback #411],PRAISE,train
SENT_1980,However I broke out from it so couldn’t keep using it.,COMPLAINT,train
SENT_1981,Seamless integration with PostgreSQL and pgvector; worked right out of the box with zero runtime bugs. [Feedback #413],PRAISE,val
SENT_1982,I’ve been using this for the past couple of weeks.,NEUTRAL_NOISE,train
SENT_1983,The automated billing module charged our card twice this cycle and failed to deliver an itemized PDF invoice. [Trace #1124],COMPLAINT,train
SENT_1984,It would be helpful if the filter drawer remembered active column visibility across different browser sessions. [Feature Req #547],RECOMMENDATION,val
SENT_1985,"I have super sensitive skin, and am allergic to a variety of chemicals that are commonly found in shampoos, liquid soaps, and cleansers.",COMPLAINT,train
SENT_1986,Should offer a granular role-based access control (RBAC) permission matrix for external auditors. [Feature Req #633],RECOMMENDATION,train
SENT_1987,"This serum, it did give off my skin that illuminated look but it left me looking super oily and I looked like a grease ball by the end of the day.",COMPLAINT,train
SENT_1988,Audit log downloads truncate foreign unicode characters and corrupt Japanese and German customer records. [Trace #1239],COMPLAINT,train
SENT_1989,"The smell is great, does not break me out, smooths my skin, I just wish it was slightly more hydrating.",RECOMMENDATION,train
SENT_1990,"I have combination skin, and to me, this was super drying.",COMPLAINT,train
SENT_1991,The redesigned dashboard is super intuitive and saved our operations team over 10 hours every week. [Feedback #364],PRAISE,train
SENT_1992,Push notification latency is unacceptable; alert webhooks take over 40 minutes to notify on-call engineers. [Trace #1045],COMPLAINT,train
SENT_1993,"Five stars for performance; complex aggregation queries across 500,000 rows return in under 35 milliseconds. [Feedback #450]",PRAISE,train
SENT_1994,The search bar returns 0 results for exact SKU matches when special punctuation or hyphens are present. [Trace #1096],COMPLAINT,train
SENT_1995,Audit log downloads truncate foreign unicode characters and corrupt Japanese and German customer records. [Trace #1131],COMPLAINT,train
SENT_1996,Attachments larger than 15MB fail to upload with a cryptic network timeout error and no retry option. [Trace #1295],COMPLAINT,train
SENT_1997,I received this product for free to test and review.,NEUTRAL_NOISE,train
SENT_1998,Feature request: please consider adding bulk user provisioning and deprovisioning via SCIM API endpoints. [Feature Req #610],RECOMMENDATION,train
SENT_1999,Attachments larger than 15MB fail to upload with a cryptic network timeout error and no retry option. [Trace #1127],COMPLAINT,train
